id,query_time,seconds_since_report,vehicle_id,lat,lon,direction
1,1535514480,15,406,34.047232,-118.219914,180.0
2,1535514480,7,401,34.132482,-117.976834,180.0
3,1535514480,7,407,34.070755,-118.228575,180.0
4,1535514480,47,452,34.133057,-118.003055,0.0
5,1535514480,7,404,34.033319,-118.168064,0.0
6,1535514480,7,453,34.122556,-118.150731,0.0
7,1535514480,15,402,34.152417,-118.114348,0.0
8,1535514480,15,405,34.033399,-118.158475,180.0
9,1535514480,165,451,34.136919,-117.891003,0.0
10,1535514480,26,403,34.087263,-118.213191,0.0
11,1535514480,15,454,34.047772,-118.227849,0.0
12,1535514480,7,408,34.117204,-118.155258,180.0
13,1535514480,26,409,34.152417,-118.114348,180.0
14,1535514660,1,406,34.0355739,-118.192258,180.0
15,1535514660,8,401,34.140337,-118.02527,180.0
16,1535514660,8,407,34.057452,-118.23442,180.0
17,1535514660,1,452,34.13255,-117.966573,0.0
18,1535514660,8,404,34.033783,-118.192167,0.0
19,1535514660,8,453,34.140317,-118.14815,0.0
20,1535514660,8,402,34.14792,-118.077657,0.0
21,1535514660,161,405,34.033395,-118.154466,180.0
22,1535514660,20,451,34.135809,-117.906884,180.0
23,1535514660,20,403,34.108683,-118.197602,0.0
24,1535514660,32,454,34.051622,-118.23786,0.0
25,1535514660,8,408,34.109986,-118.194955,180.0
26,1535514660,32,409,34.151833,-118.135717,180.0
27,1535514840,44,406,34.03326,-118.191311,180.0
28,1535514840,29,401,34.148826,-118.053351,180.0
29,1535514840,6,421,34.1340689,-118.006742,180.0
30,1535514840,29,407,34.0501,-118.237901,180.0
31,1535514840,6,452,34.12906,-117.932574,0.0
32,1535514840,29,404,34.042898,-118.207917,0.0
33,1535514840,6,453,34.15201,-118.1258,0.0
34,1535514840,6,402,34.142982,-118.029333,0.0
35,1535514840,113,425,34.132444,-117.988407,0.0
36,1535514840,6,451,34.128776,-117.934911,180.0
37,1535514840,6,403,34.110199,-118.181873,0.0
38,1535514840,29,454,34.057452,-118.23442,0.0
39,1535514840,6,408,34.10488,-118.203911,180.0
40,1535514840,82,422,34.132446,-117.991148,180.0
41,1535514840,6,409,34.140548,-118.148183,180.0
42,1535515020,44,406,34.03326,-118.191311,180.0
43,1535515020,29,401,34.148826,-118.053351,180.0
44,1535515020,6,421,34.1340689,-118.006742,180.0
45,1535515020,29,407,34.0501,-118.237901,180.0
46,1535515020,6,452,34.12906,-117.932574,0.0
47,1535515020,29,404,34.042898,-118.207917,0.0
48,1535515020,6,453,34.15201,-118.1258,0.0
49,1535515020,6,402,34.142982,-118.029333,0.0
50,1535515020,113,425,34.132444,-117.988407,0.0
51,1535515020,6,451,34.128776,-117.934911,180.0
52,1535515020,6,403,34.110199,-118.181873,0.0
53,1535515020,29,454,34.057452,-118.23442,0.0
54,1535515020,6,408,34.10488,-118.203911,180.0
55,1535515020,82,422,34.132446,-117.991148,180.0
56,1535515020,6,409,34.140548,-118.148183,180.0
57,1535515200,29,406,34.033368,-118.160931,180.0
58,1535515200,78,401,34.152417,-118.114348,180.0
59,1535515200,9,421,34.147732,-118.08192,180.0
60,1535515200,15,407,34.044427,-118.211701,180.0
61,1535515200,78,452,34.136919,-117.891003,0.0
62,1535515200,9,404,34.048083,-118.231104,0.0
63,1535515200,9,453,34.148369,-118.073431,0.0
64,1535515200,15,402,34.132544,-117.968079,0.0
65,1535515200,15,405,34.03332,-118.183483,0.0
66,1535515200,29,451,34.133057,-118.003055,180.0
67,1535515200,9,403,34.134223,-118.148138,0.0
68,1535515200,9,454,34.084717,-118.215797,0.0
69,1535515200,9,408,34.068632,-118.233044,180.0
70,1535515200,9,409,34.109958,-118.180223,180.0
71,1535515380,88,406,34.033395,-118.154466,180.0
72,1535515380,16,401,34.151833,-118.135717,180.0
73,1535515380,38,421,34.152417,-118.114348,180.0
74,1535515380,4,407,34.035243,-118.19222,180.0
75,1535515380,258,452,34.136919,-117.891003,0.0
76,1535515380,16,404,34.053441,-118.235998,0.0
77,1535515380,45,453,34.142982,-118.029333,0.0
78,1535515380,16,402,34.128936,-117.933582,0.0
79,1535515380,66,405,34.034751,-118.192189,0.0
80,1535515380,4,451,34.144324,-118.031431,180.0
81,1535515380,38,403,34.140317,-118.14815,0.0
82,1535515380,4,454,34.0987,-118.205991,0.0
83,1535515380,16,408,34.057452,-118.23442,180.0
84,1535515380,57,409,34.108683,-118.197602,180.0
85,1535515560,268,406,34.033395,-118.154466,180.0
86,1535515560,23,401,34.140317,-118.14815,180.0
87,1535515560,61,421,34.151845,-118.132701,180.0
88,1535515560,4,407,34.033386,-118.180208,180.0
89,1535515560,17,452,34.13477,-117.910129,180.0
90,1535515560,4,404,34.05915,-118.2335,0.0
91,1535515560,4,453,34.132375,-117.998302,0.0
92,1535515560,23,402,34.136014,-117.906198,0.0
93,1535515560,4,405,34.042898,-118.207917,0.0
94,1535515560,17,451,34.148004,-118.07633,180.0
95,1535515560,4,403,34.15201,-118.1258,0.0
96,1535515560,4,454,34.110365,-118.194177,0.0
97,1535515560,23,408,34.0501,-118.237901,180.0
98,1535515560,17,422,34.132387,-117.995414,180.0
99,1535515560,4,409,34.095975,-118.209138,180.0
100,1535515747,121,423,34.132446,-117.991148,180.0
101,1535515747,82,406,34.03335,-118.162183,0.0
102,1535515747,22,401,34.120945,-118.150918,180.0
103,1535515747,22,421,34.140317,-118.14815,180.0
104,1535515747,34,407,34.03335,-118.162183,180.0
105,1535515747,22,452,34.1308999,-117.947721,180.0
106,1535515747,34,404,34.06675,-118.234833,0.0
107,1535515747,32,453,34.13255,-117.966573,0.0
108,1535515747,100,402,34.136919,-117.891003,0.0
109,1535515747,32,405,34.047232,-118.219914,0.0
110,1535515747,32,451,34.152505,-118.10424,180.0
111,1535515747,22,403,34.152505,-118.10424,0.0
112,1535515747,22,454,34.112344,-118.165047,0.0
113,1535515747,58,408,34.047772,-118.227849,180.0
114,1535515747,22,422,34.140337,-118.02527,180.0
115,1535515747,50,409,34.083327,-118.217277,180.0
116,1535515920,121,423,34.132446,-117.991148,180.0
117,1535515920,82,406,34.03335,-118.162183,0.0
118,1535515920,22,401,34.120945,-118.150918,180.0
119,1535515920,22,421,34.140317,-118.14815,180.0
120,1535515920,34,407,34.03335,-118.162183,180.0
121,1535515920,22,452,34.1308999,-117.947721,180.0
122,1535515920,34,404,34.06675,-118.234833,0.0
123,1535515920,32,453,34.13255,-117.966573,0.0
124,1535515920,100,402,34.136919,-117.891003,0.0
125,1535515920,32,405,34.047232,-118.219914,0.0
126,1535515920,32,451,34.152505,-118.10424,180.0
127,1535515920,22,403,34.152505,-118.10424,0.0
128,1535515920,22,454,34.112344,-118.165047,0.0
129,1535515920,58,408,34.047772,-118.227849,180.0
130,1535515920,22,422,34.140337,-118.02527,180.0
131,1535515920,50,409,34.083327,-118.217277,180.0
132,1535516100,21,406,34.033783,-118.192167,0.0
133,1535516100,2,401,34.108683,-118.197602,180.0
134,1535516100,2,421,34.111911,-118.170898,180.0
135,1535516100,252,407,34.033395,-118.154466,180.0
136,1535516100,2,452,34.136759,-118.016578,180.0
137,1535516100,2,404,34.104021,-118.204462,0.0
138,1535516100,2,453,34.136857,-117.891613,0.0
139,1535516100,2,402,34.136775,-117.899979,180.0
140,1535516100,2,405,34.051622,-118.23786,0.0
141,1535516100,2,451,34.144517,-118.148217,180.0
142,1535516100,2,403,34.142982,-118.029333,0.0
143,1535516100,31,454,34.140548,-118.148183,0.0
144,1535516100,2,408,34.036247,-118.19302,180.0
145,1535516100,21,422,34.147732,-118.08192,180.0
146,1535516100,2,409,34.056061,-118.234759,180.0
147,1535516280,21,406,34.033783,-118.192167,0.0
148,1535516280,2,401,34.108683,-118.197602,180.0
149,1535516280,2,421,34.111911,-118.170898,180.0
150,1535516280,252,407,34.033395,-118.154466,180.0
151,1535516280,2,452,34.136759,-118.016578,180.0
152,1535516280,2,404,34.104021,-118.204462,0.0
153,1535516280,2,453,34.136857,-117.891613,0.0
154,1535516280,2,402,34.136775,-117.899979,180.0
155,1535516280,2,405,34.051622,-118.23786,0.0
156,1535516280,2,451,34.144517,-118.148217,180.0
157,1535516280,2,403,34.142982,-118.029333,0.0
158,1535516280,31,454,34.140548,-118.148183,0.0
159,1535516280,2,408,34.036247,-118.19302,180.0
160,1535516280,21,422,34.147732,-118.08192,180.0
161,1535516280,2,409,34.056061,-118.234759,180.0
162,1535516460,33,423,34.142982,-118.029333,180.0
163,1535516460,10,406,34.046044,-118.216283,0.0
164,1535516460,10,401,34.084717,-118.215797,180.0
165,1535516460,20,421,34.1071359,-118.200783,180.0
166,1535516460,33,407,34.033418,-118.155782,0.0
167,1535516460,33,452,34.147732,-118.08192,180.0
168,1535516460,10,404,34.112424,-118.163807,0.0
169,1535516460,20,402,34.131239,-117.948661,180.0
170,1535516460,248,424,34.132446,-117.991148,180.0
171,1535516460,20,405,34.064796,-118.235546,0.0
172,1535516460,33,451,34.115352,-118.157655,180.0
173,1535516460,20,403,34.132488,-117.975868,0.0
174,1535516460,33,454,34.152417,-118.114348,0.0
175,1535516460,20,408,34.033386,-118.180208,180.0
176,1535516460,33,422,34.151845,-118.132701,180.0
177,1535516460,10,409,34.047513,-118.22415,180.0
178,1535516640,33,423,34.142982,-118.029333,180.0
179,1535516640,10,406,34.046044,-118.216283,0.0
180,1535516640,10,401,34.084717,-118.215797,180.0
181,1535516640,20,421,34.1071359,-118.200783,180.0
182,1535516640,33,407,34.033418,-118.155782,0.0
183,1535516640,33,452,34.147732,-118.08192,180.0
184,1535516640,10,404,34.112424,-118.163807,0.0
185,1535516640,20,402,34.131239,-117.948661,180.0
186,1535516640,248,424,34.132446,-117.991148,180.0
187,1535516640,20,405,34.064796,-118.235546,0.0
188,1535516640,33,451,34.115352,-118.157655,180.0
189,1535516640,20,403,34.132488,-117.975868,0.0
190,1535516640,33,454,34.152417,-118.114348,0.0
191,1535516640,20,408,34.033386,-118.180208,180.0
192,1535516640,33,422,34.151845,-118.132701,180.0
193,1535516640,10,409,34.047513,-118.22415,180.0
194,1535516820,27,423,34.148691,-118.086438,180.0
195,1535516820,16,406,34.051622,-118.23786,0.0
196,1535516820,36,401,34.057452,-118.23442,180.0
197,1535516820,8,421,34.070755,-118.228575,180.0
198,1535516820,8,407,34.03326,-118.191737,0.0
199,1535516820,27,452,34.151833,-118.135717,180.0
200,1535516820,27,404,34.140548,-118.148183,0.0
201,1535516820,8,453,34.136857,-117.891613,0.0
202,1535516820,36,402,34.140337,-118.02527,180.0
203,1535516820,8,405,34.1020589,-118.204856,0.0
204,1535516820,8,451,34.104021,-118.204462,180.0
205,1535516820,8,403,34.136014,-117.906198,0.0
206,1535516820,16,454,34.1488749,-118.04564,0.0
207,1535516820,36,408,34.033395,-118.154466,180.0
208,1535516820,8,422,34.130328,-118.148047,180.0
209,1535516820,8,409,34.033328,-118.191982,180.0
210,1535517000,27,423,34.148691,-118.086438,180.0
211,1535517000,16,406,34.051622,-118.23786,0.0
212,1535517000,36,401,34.057452,-118.23442,180.0
213,1535517000,8,421,34.070755,-118.228575,180.0
214,1535517000,8,407,34.03326,-118.191737,0.0
215,1535517000,27,452,34.151833,-118.135717,180.0
216,1535517000,27,404,34.140548,-118.148183,0.0
217,1535517000,8,453,34.136857,-117.891613,0.0
218,1535517000,36,402,34.140337,-118.02527,180.0
219,1535517000,8,405,34.1020589,-118.204856,0.0
220,1535517000,8,451,34.104021,-118.204462,180.0
221,1535517000,8,403,34.136014,-117.906198,0.0
222,1535517000,16,454,34.1488749,-118.04564,0.0
223,1535517000,36,408,34.033395,-118.154466,180.0
224,1535517000,8,422,34.130328,-118.148047,180.0
225,1535517000,8,409,34.033328,-118.191982,180.0
226,1535517180,5,423,34.1512,-118.1461,180.0
227,1535517180,12,406,34.064796,-118.235546,0.0
228,1535517180,22,401,34.047513,-118.22415,180.0
229,1535517180,22,421,34.053178,-118.237752,180.0
230,1535517180,35,407,34.047232,-118.219914,0.0
231,1535517180,12,452,34.119903,-118.151627,180.0
232,1535517180,22,404,34.152417,-118.114348,0.0
233,1535517180,46,453,34.1308999,-117.947721,180.0
234,1535517180,5,402,34.149532,-118.087822,180.0
235,1535517180,5,405,34.114574,-118.158547,0.0
236,1535517180,5,451,34.06675,-118.234833,180.0
237,1535517180,208,403,34.136919,-117.891003,0.0
238,1535517180,12,454,34.132468,-117.979571,0.0
239,1535517180,22,408,34.033406,-118.155974,0.0
240,1535517180,5,422,34.112163,-118.189247,180.0
241,1535517180,35,409,34.033319,-118.168064,180.0
242,1535517360,5,423,34.1512,-118.1461,180.0
243,1535517360,12,406,34.064796,-118.235546,0.0
244,1535517360,22,401,34.047513,-118.22415,180.0
245,1535517360,22,421,34.053178,-118.237752,180.0
246,1535517360,35,407,34.047232,-118.219914,0.0
247,1535517360,12,452,34.119903,-118.151627,180.0
248,1535517360,22,404,34.152417,-118.114348,0.0
249,1535517360,46,453,34.1308999,-117.947721,180.0
250,1535517360,5,402,34.149532,-118.087822,180.0
251,1535517360,5,405,34.114574,-118.158547,0.0
252,1535517360,5,451,34.06675,-118.234833,180.0
253,1535517360,208,403,34.136919,-117.891003,0.0
254,1535517360,12,454,34.132468,-117.979571,0.0
255,1535517360,22,408,34.033406,-118.155974,0.0
256,1535517360,5,422,34.112163,-118.189247,180.0
257,1535517360,35,409,34.033319,-118.168064,180.0
258,1535517540,3,423,34.115685,-118.157302,180.0
259,1535517540,43,406,34.0984,-118.206467,0.0
260,1535517540,3,401,34.033783,-118.192167,180.0
261,1535517540,12,421,34.046044,-118.216283,180.0
262,1535517540,12,407,34.051622,-118.23786,0.0
263,1535517540,51,452,34.108683,-118.197602,180.0
264,1535517540,3,404,34.148863,-118.047351,0.0
265,1535517540,23,453,34.140337,-118.02527,180.0
266,1535517540,23,402,34.1512,-118.1461,180.0
267,1535517540,3,424,34.132375,-117.998302,180.0
268,1535517540,3,405,34.140317,-118.14815,0.0
269,1535517540,23,451,34.051622,-118.23786,180.0
270,1535517540,3,403,34.136746,-117.901636,180.0
271,1535517540,3,454,34.133664,-117.913735,0.0
272,1535517540,23,408,34.033783,-118.192167,0.0
273,1535517540,12,422,34.089522,-118.21147,180.0
274,1535517540,205,409,34.033395,-118.154466,180.0
275,1535517720,3,423,34.111526,-118.186431,180.0
276,1535517720,69,406,34.108683,-118.197602,0.0
277,1535517720,3,401,34.03332,-118.184666,180.0
278,1535517720,3,421,34.0355739,-118.192258,180.0
279,1535517720,31,407,34.057452,-118.23442,0.0
280,1535517720,3,452,34.094269,-118.210615,180.0
281,1535517720,141,426,34.132446,-117.991148,180.0
282,1535517720,31,404,34.140337,-118.02527,0.0
283,1535517720,3,453,34.148369,-118.073431,180.0
284,1535517720,3,402,34.139816,-118.148139,180.0
285,1535517720,3,424,34.140337,-118.02527,180.0
286,1535517720,3,405,34.151845,-118.132701,0.0
287,1535517720,3,451,34.047772,-118.227849,180.0
288,1535517720,3,403,34.12906,-117.932574,180.0
289,1535517720,17,454,34.136857,-117.891613,0.0
290,1535517720,17,408,34.042898,-118.207917,0.0
291,1535517720,11,422,34.081802,-118.219223,180.0
292,1535517900,98,423,34.108683,-118.197602,180.0
293,1535517900,8,406,34.111787,-118.171467,0.0
294,1535517900,8,401,34.033352,-118.163801,180.0
295,1535517900,31,421,34.033328,-118.191982,180.0
296,1535517900,8,407,34.06675,-118.234833,0.0
297,1535517900,52,452,34.083327,-118.217277,180.0
298,1535517900,8,404,34.132444,-117.988407,0.0
299,1535517900,31,453,34.148691,-118.086438,180.0
300,1535517900,16,402,34.119903,-118.151627,180.0
301,1535517900,16,424,34.148826,-118.053351,180.0
302,1535517900,16,405,34.152505,-118.10424,0.0
303,1535517900,8,451,34.046044,-118.216283,180.0
304,1535517900,8,403,34.132565,-117.958869,180.0
305,1535517900,172,454,34.136919,-117.891003,0.0
306,1535517900,38,408,34.047232,-118.219914,0.0
307,1535517900,16,422,34.063061,-118.236103,180.0
308,1535517900,31,409,34.033406,-118.155974,0.0
309,1535518080,12,423,34.090062,-118.21136,180.0
310,1535518080,12,406,34.119956,-118.151605,0.0
311,1535518080,27,401,34.033395,-118.154466,180.0
312,1535518080,18,421,34.033319,-118.168064,180.0
313,1535518080,12,407,34.087263,-118.213191,0.0
314,1535518080,48,452,34.063861,-118.23584,180.0
315,1535518080,27,404,34.132565,-117.958869,0.0
316,1535518080,12,453,34.152246,-118.122824,180.0
317,1535518080,12,402,34.1101669,-118.178456,180.0
318,1535518080,12,424,34.148691,-118.086438,180.0
319,1535518080,27,405,34.14792,-118.077657,0.0
320,1535518080,18,451,34.036903,-118.19448,180.0
321,1535518080,12,403,34.1325689,-118.000816,180.0
322,1535518080,71,408,34.047772,-118.227849,0.0
323,1535518080,12,422,34.053441,-118.235998,180.0
324,1535518080,27,409,34.0333759,-118.173907,0.0
325,1535518260,20,423,34.081802,-118.219223,180.0
326,1535518260,7,406,34.139816,-118.148139,0.0
327,1535518260,207,401,34.033395,-118.154466,180.0
328,1535518260,20,421,34.033395,-118.154466,180.0
329,1535518260,7,407,34.1020589,-118.204856,0.0
330,1535518260,7,452,34.055405,-118.234902,180.0
331,1535518260,20,426,34.132864,-118.002339,180.0
332,1535518260,45,404,34.12906,-117.932574,0.0
333,1535518260,37,453,34.151833,-118.135717,180.0
334,1535518260,64,427,34.132444,-117.988407,0.0
335,1535518260,45,402,34.108683,-118.197602,180.0
336,1535518260,64,424,34.152417,-118.114348,180.0
337,1535518260,20,425,34.132488,-117.975868,0.0
338,1535518260,7,405,34.142982,-118.029333,0.0
339,1535518260,7,451,34.033328,-118.182941,180.0
340,1535518260,7,403,34.142982,-118.029333,180.0
341,1535518260,20,454,34.136014,-117.906198,180.0
342,1535518260,28,408,34.051622,-118.23786,0.0
343,1535518260,37,422,34.047861,-118.229378,180.0
344,1535518260,37,409,34.033783,-118.192167,0.0
345,1535518440,26,423,34.063061,-118.236103,180.0
346,1535518440,67,406,34.140317,-118.14815,0.0
347,1535518440,200,421,34.033395,-118.154466,180.0
348,1535518440,26,407,34.110365,-118.194177,0.0
349,1535518440,46,452,34.0501,-118.237901,180.0
350,1535518440,7,426,34.1340689,-118.006742,180.0
351,1535518440,7,404,34.136683,-117.902407,0.0
352,1535518440,7,453,34.139816,-118.148139,180.0
353,1535518440,244,427,34.132444,-117.988407,0.0
354,1535518440,26,402,34.098552,-118.206192,180.0
355,1535518440,30,424,34.151833,-118.135717,180.0
356,1535518440,26,425,34.1308999,-117.947721,0.0
357,1535518440,26,405,34.133057,-118.003055,0.0
358,1535518440,88,451,34.033302,-118.171103,180.0
359,1535518440,17,403,34.148016,-118.076199,180.0
360,1535518440,30,454,34.128987,-117.933165,180.0
361,1535518440,26,408,34.057452,-118.23442,0.0
362,1535518440,7,422,34.047232,-118.219914,180.0
363,1535518440,17,409,34.042898,-118.207917,0.0
364,1535518620,5,423,34.055405,-118.234902,180.0
365,1535518620,15,406,34.15201,-118.1258,0.0
366,1535518620,5,401,34.033302,-118.171103,0.0
367,1535518620,5,407,34.113605,-118.159559,0.0
368,1535518620,43,452,34.047772,-118.227849,180.0
369,1535518620,26,426,34.148745,-118.039876,180.0
370,1535518620,96,404,34.136919,-117.891003,0.0
371,1535518620,5,453,34.119801,-118.151798,180.0
372,1535518620,15,402,34.083327,-118.217277,180.0
373,1535518620,5,424,34.140548,-118.148183,180.0
374,1535518620,5,425,34.132392,-117.917928,0.0
375,1535518620,26,405,34.1324929,-117.975084,0.0
376,1535518620,43,451,34.033399,-118.158475,180.0
377,1535518620,5,403,34.152505,-118.10424,180.0
378,1535518620,35,454,34.132544,-117.968079,180.0
379,1535518620,15,408,34.064796,-118.235546,0.0
380,1535518620,15,422,34.043807,-118.209999,180.0
381,1535518620,26,409,34.047232,-118.219914,0.0
382,1535518800,5,423,34.0483,-118.232583,180.0
383,1535518800,12,406,34.15237,-118.093421,0.0
384,1535518800,12,401,34.03332,-118.183483,0.0
385,1535518800,5,407,34.128831,-118.14802,0.0
386,1535518800,23,452,34.046044,-118.216283,180.0
387,1535518800,12,426,34.147842,-118.080033,180.0
388,1535518800,276,404,34.136919,-117.891003,0.0
389,1535518800,5,453,34.109958,-118.180223,180.0
390,1535518800,12,402,34.063861,-118.23584,180.0
391,1535518800,5,424,34.119956,-118.151605,180.0
392,1535518800,5,425,34.136919,-117.891003,0.0
393,1535518800,5,405,34.128936,-117.933582,0.0
394,1535518800,75,451,34.033395,-118.154466,180.0
395,1535518800,5,403,34.151845,-118.132701,180.0
396,1535518800,23,454,34.133057,-118.003055,180.0
397,1535518800,12,408,34.084717,-118.215797,0.0
398,1535518800,34,422,34.034751,-118.192189,180.0
399,1535518800,34,409,34.047861,-118.229378,0.0
400,1535518980,43,423,34.047772,-118.227849,180.0
401,1535518980,22,406,34.148016,-118.076199,0.0
402,1535518980,50,401,34.034751,-118.192189,0.0
403,1535518980,43,421,34.033418,-118.155782,0.0
404,1535518980,32,407,34.140548,-118.148183,0.0
405,1535518980,3,452,34.0355739,-118.192258,180.0
406,1535518980,14,426,34.152417,-118.114348,180.0
407,1535518980,22,428,34.132444,-117.988407,0.0
408,1535518980,3,404,34.136014,-117.906198,180.0
409,1535518980,60,453,34.108683,-118.197602,180.0
410,1535518980,14,427,34.132482,-117.976834,0.0
411,1535518980,3,402,34.056061,-118.234759,180.0
412,1535518980,3,424,34.11086,-118.174745,180.0
413,1535518980,185,425,34.136919,-117.891003,0.0
414,1535518980,32,405,34.136014,-117.906198,0.0
415,1535518980,255,451,34.033395,-118.154466,180.0
416,1535518980,14,403,34.144517,-118.148217,180.0
417,1535518980,43,454,34.142982,-118.029333,180.0
418,1535518980,3,408,34.100651,-118.204783,0.0
419,1535518980,3,422,34.03332,-118.183483,180.0
420,1535518980,14,409,34.053178,-118.237752,0.0
421,1535519160,12,423,34.046044,-118.216283,180.0
422,1535519160,32,406,34.142982,-118.029333,0.0
423,1535519160,32,401,34.042898,-118.207917,0.0
424,1535519160,12,421,34.033319,-118.168064,0.0
425,1535519160,114,407,34.140317,-118.14815,0.0
426,1535519160,32,452,34.03326,-118.191311,180.0
427,1535519160,12,426,34.15201,-118.1258,180.0
428,1535519160,202,428,34.132444,-117.988407,0.0
429,1535519160,32,404,34.128987,-117.933165,180.0
430,1535519160,12,453,34.0984,-118.206467,180.0
431,1535519160,12,427,34.1308999,-117.947721,0.0
432,1535519160,12,402,34.0483,-118.232583,180.0
433,1535519160,25,424,34.108683,-118.197602,180.0
434,1535519160,67,405,34.136919,-117.891003,0.0
435,1535519160,32,403,34.130328,-118.148047,180.0
436,1535519160,12,454,34.148004,-118.07633,180.0
437,1535519160,25,408,34.110365,-118.194177,0.0
438,1535519160,67,422,34.0333759,-118.173907,180.0
439,1535519160,91,409,34.057452,-118.23442,0.0
440,1535519340,23,423,34.036247,-118.19302,180.0
441,1535519340,52,406,34.133057,-118.003055,0.0
442,1535519340,44,401,34.047232,-118.219914,0.0
443,1535519340,12,421,34.03332,-118.183483,0.0
444,1535519340,44,407,34.152417,-118.114348,0.0
445,1535519340,23,452,34.033386,-118.180208,180.0
446,1535519340,52,426,34.1512,-118.1461,180.0
447,1535519340,23,404,34.132544,-117.968079,180.0
448,1535519340,44,453,34.083327,-118.217277,180.0
449,1535519340,44,427,34.12906,-117.932574,0.0
450,1535519340,12,402,34.047232,-118.219914,180.0
451,1535519340,23,424,34.098552,-118.206192,180.0
452,1535519340,247,405,34.136919,-117.891003,0.0
453,1535519340,12,403,34.113605,-118.159559,180.0
454,1535519340,23,454,34.152505,-118.10424,180.0
455,1535519340,12,408,34.113605,-118.159559,0.0
456,1535519340,31,422,34.03335,-118.162183,180.0
457,1535519340,31,409,34.06675,-118.234833,0.0
458,1535519524,54,423,34.03326,-118.191311,180.0
459,1535519524,40,406,34.1324929,-117.975084,0.0
460,1535519524,83,401,34.047772,-118.227849,0.0
461,1535519524,14,421,34.035243,-118.19222,0.0
462,1535519524,32,407,34.147732,-118.08192,0.0
463,1535519524,14,452,34.033368,-118.160931,180.0
464,1535519524,14,426,34.133521,-118.148126,180.0
465,1535519524,19,404,34.133057,-118.003055,180.0
466,1535519524,32,453,34.063861,-118.23584,180.0
467,1535519524,19,427,34.136014,-117.906198,0.0
468,1535519524,14,402,34.043807,-118.209999,180.0
469,1535519524,32,424,34.084717,-118.215797,180.0
470,1535519524,32,425,34.135809,-117.906884,180.0
471,1535519524,98,451,34.033406,-118.155974,0.0
472,1535519524,32,403,34.109986,-118.194955,180.0
473,1535519524,19,454,34.15201,-118.1258,180.0
474,1535519524,19,408,34.128831,-118.14802,0.0
475,1535519524,74,422,34.033395,-118.154466,180.0
476,1535519524,19,409,34.087263,-118.213191,0.0
477,1535519700,54,423,34.03326,-118.191311,180.0
478,1535519700,40,406,34.1324929,-117.975084,0.0
479,1535519700,83,401,34.047772,-118.227849,0.0
480,1535519700,14,421,34.035243,-118.19222,0.0
481,1535519700,32,407,34.147732,-118.08192,0.0
482,1535519700,14,452,34.033368,-118.160931,180.0
483,1535519700,14,426,34.133521,-118.148126,180.0
484,1535519700,19,404,34.133057,-118.003055,180.0
485,1535519700,32,453,34.063861,-118.23584,180.0
486,1535519700,19,427,34.136014,-117.906198,0.0
487,1535519700,14,402,34.043807,-118.209999,180.0
488,1535519700,32,424,34.084717,-118.215797,180.0
489,1535519700,32,425,34.135809,-117.906884,180.0
490,1535519700,98,451,34.033406,-118.155974,0.0
491,1535519700,32,403,34.109986,-118.194955,180.0
492,1535519700,19,454,34.15201,-118.1258,180.0
493,1535519700,19,408,34.128831,-118.14802,0.0
494,1535519700,74,422,34.033395,-118.154466,180.0
495,1535519700,19,409,34.087263,-118.213191,0.0
496,1535519880,7,423,34.033368,-118.160931,180.0
497,1535519880,38,406,34.136014,-117.906198,0.0
498,1535519880,18,401,34.057452,-118.23442,0.0
499,1535519880,47,421,34.047513,-118.22415,0.0
500,1535519880,18,407,34.136759,-118.016578,0.0
501,1535519880,266,452,34.033395,-118.154466,180.0
502,1535519880,7,426,34.110199,-118.181873,180.0
503,1535519880,65,404,34.148826,-118.053351,180.0
504,1535519880,18,453,34.0483,-118.232583,180.0
505,1535519880,186,427,34.136919,-117.891003,0.0
506,1535519880,18,402,34.0333759,-118.173907,180.0
507,1535519880,18,424,34.056061,-118.234759,180.0
508,1535519880,7,425,34.1325379,-117.969233,180.0
509,1535519880,7,405,34.135439,-117.908092,180.0
510,1535519880,7,451,34.03332,-118.183483,0.0
511,1535519880,18,403,34.084717,-118.215797,180.0
512,1535519880,7,454,34.137773,-118.148114,180.0
513,1535519880,107,408,34.1512,-118.1461,0.0
514,1535519880,27,422,34.03335,-118.162183,0.0
515,1535519880,54,409,34.110365,-118.194177,0.0
516,1535520060,27,423,34.033395,-118.154466,180.0
517,1535520060,61,406,34.136919,-117.891003,0.0
518,1535520060,5,401,34.064796,-118.235546,0.0
519,1535520060,45,421,34.047861,-118.229378,0.0
520,1535520060,27,407,34.132444,-117.988407,0.0
521,1535520060,85,426,34.109986,-118.194955,180.0
522,1535520060,5,404,34.149532,-118.087822,180.0
523,1535520060,45,453,34.047634,-118.22594,180.0
524,1535520060,45,402,34.03335,-118.162183,180.0
525,1535520060,27,424,34.0501,-118.237901,180.0
526,1535520060,5,425,34.133057,-118.003055,180.0
527,1535520060,16,405,34.128676,-117.93575,180.0
528,1535520060,16,451,34.0355739,-118.192258,0.0
529,1535520060,5,403,34.064796,-118.235546,180.0
530,1535520060,5,454,34.117204,-118.155258,180.0
531,1535520060,16,408,34.152505,-118.10424,0.0
532,1535520060,45,422,34.0333759,-118.173907,0.0
533,1535520060,5,409,34.115151,-118.157899,0.0
534,1535520240,207,423,34.033395,-118.154466,180.0
535,1535520240,241,406,34.136919,-117.891003,0.0
536,1535520240,25,401,34.083327,-118.217277,0.0
537,1535520240,14,421,34.053441,-118.235998,0.0
538,1535520240,5,407,34.131239,-117.948661,0.0
539,1535520240,25,452,34.033418,-118.155782,0.0
540,1535520240,5,426,34.093838,-118.210984,180.0
541,1535520240,105,404,34.152417,-118.114348,180.0
542,1535520240,25,453,34.044427,-118.211701,180.0
543,1535520240,5,427,34.135809,-117.906884,180.0
544,1535520240,114,402,34.033399,-118.158475,180.0
545,1535520240,14,424,34.047513,-118.22415,180.0
546,1535520240,36,425,34.140337,-118.02527,180.0
547,1535520240,5,405,34.132488,-117.975868,180.0
548,1535520240,5,451,34.046044,-118.216283,0.0
549,1535520240,5,403,34.056061,-118.234759,180.0
550,1535520240,14,454,34.109958,-118.180223,180.0
551,1535520240,25,408,34.14792,-118.077657,0.0
552,1535520240,25,422,34.033783,-118.192167,0.0
553,1535520240,5,409,34.133521,-118.148126,0.0
554,1535520420,207,423,34.033395,-118.154466,180.0
555,1535520420,241,406,34.136919,-117.891003,0.0
556,1535520420,25,401,34.083327,-118.217277,0.0
557,1535520420,14,421,34.053441,-118.235998,0.0
558,1535520420,5,407,34.131239,-117.948661,0.0
559,1535520420,25,452,34.033418,-118.155782,0.0
560,1535520420,5,426,34.093838,-118.210984,180.0
561,1535520420,105,404,34.152417,-118.114348,180.0
562,1535520420,25,453,34.044427,-118.211701,180.0
563,1535520420,5,427,34.135809,-117.906884,180.0
564,1535520420,114,402,34.033399,-118.158475,180.0
565,1535520420,14,424,34.047513,-118.22415,180.0
566,1535520420,36,425,34.140337,-118.02527,180.0
567,1535520420,5,405,34.132488,-117.975868,180.0
568,1535520420,5,451,34.046044,-118.216283,0.0
569,1535520420,5,403,34.056061,-118.234759,180.0
570,1535520420,14,454,34.109958,-118.180223,180.0
571,1535520420,25,408,34.14792,-118.077657,0.0
572,1535520420,25,422,34.033783,-118.192167,0.0
573,1535520420,5,409,34.133521,-118.148126,0.0
574,1535520600,3,401,34.109986,-118.194955,0.0
575,1535520600,3,421,34.074592,-118.22525,0.0
576,1535520600,3,429,34.132444,-117.988407,0.0
577,1535520600,14,407,34.136857,-117.891613,0.0
578,1535520600,33,452,34.0333759,-118.173907,0.0
579,1535520600,3,426,34.063061,-118.236103,180.0
580,1535520600,3,428,34.132488,-117.975868,0.0
581,1535520600,3,404,34.140317,-118.14815,180.0
582,1535520600,23,453,34.033386,-118.180208,180.0
583,1535520600,3,427,34.1324929,-117.975084,180.0
584,1535520600,231,402,34.033395,-118.154466,180.0
585,1535520600,14,424,34.034751,-118.192189,180.0
586,1535520600,23,425,34.148691,-118.086438,180.0
587,1535520600,3,405,34.148745,-118.039876,180.0
588,1535520600,23,451,34.051622,-118.23786,0.0
589,1535520600,33,403,34.047513,-118.22415,180.0
590,1535520600,3,454,34.094269,-118.210615,180.0
591,1535520600,33,408,34.133057,-118.003055,0.0
592,1535520600,14,422,34.047513,-118.22415,0.0
593,1535520600,115,409,34.1512,-118.1461,0.0
594,1535520780,80,423,34.033406,-118.155974,0.0
595,1535520780,11,406,34.13512,-117.909084,180.0
596,1535520780,11,401,34.111536,-118.172379,0.0
597,1535520780,11,421,34.0888459,-118.211755,0.0
598,1535520780,183,429,34.132444,-117.988407,0.0
599,1535520780,155,407,34.136919,-117.891003,0.0
600,1535520780,40,452,34.033783,-118.192167,0.0
601,1535520780,11,426,34.053178,-118.237752,180.0
602,1535520780,40,428,34.1308999,-117.947721,0.0
603,1535520780,27,404,34.127413,-118.147999,180.0
604,1535520780,20,453,34.03335,-118.162183,180.0
605,1535520780,11,427,34.133057,-118.003055,180.0
606,1535520780,27,424,34.033386,-118.180208,180.0
607,1535520780,63,425,34.152417,-118.114348,180.0
608,1535520780,20,405,34.148004,-118.07633,180.0
609,1535520780,27,451,34.057452,-118.23442,0.0
610,1535520780,20,403,34.043807,-118.209999,180.0
611,1535520780,54,454,34.083327,-118.217277,180.0
612,1535520780,11,408,34.1325379,-117.969233,0.0
613,1535520780,27,422,34.0501,-118.237901,0.0
614,1535520780,11,409,34.152505,-118.10424,0.0
615,1535520960,22,423,34.033319,-118.168064,0.0
616,1535520960,30,406,34.128676,-117.93575,180.0
617,1535520960,11,401,34.116257,-118.156545,0.0
618,1535520960,113,421,34.0984,-118.206467,0.0
619,1535520960,11,452,34.042898,-118.207917,0.0
620,1535520960,30,426,34.047861,-118.229378,180.0
621,1535520960,30,428,34.130966,-117.922589,0.0
622,1535520960,11,404,34.112344,-118.165047,180.0
623,1535520960,30,453,34.033418,-118.155782,180.0
624,1535520960,30,427,34.142982,-118.029333,180.0
625,1535520960,30,424,34.033352,-118.163801,180.0
626,1535520960,30,425,34.151845,-118.132701,180.0
627,1535520960,30,405,34.149532,-118.087822,180.0
628,1535520960,22,451,34.064796,-118.235546,0.0
629,1535520960,11,403,34.033783,-118.192167,180.0
630,1535520960,30,454,34.063861,-118.23584,180.0
631,1535520960,30,408,34.1308999,-117.947721,0.0
632,1535520960,30,422,34.055405,-118.234902,0.0
633,1535520960,22,409,34.14792,-118.077657,0.0
634,1535521140,10,423,34.03326,-118.191311,0.0
635,1535521140,10,406,34.132468,-117.979571,180.0
636,1535521140,18,401,34.133676,-118.148126,0.0
637,1535521140,10,421,34.109986,-118.194955,0.0
638,1535521140,18,407,34.135809,-117.906884,180.0
639,1535521140,10,452,34.046044,-118.216283,0.0
640,1535521140,10,426,34.046044,-118.216283,180.0
641,1535521140,10,428,34.136775,-117.899979,0.0
642,1535521140,25,404,34.109986,-118.194955,180.0
643,1535521140,170,453,34.033395,-118.154466,180.0
644,1535521140,73,427,34.148826,-118.053351,180.0
645,1535521140,65,402,34.033418,-118.155782,0.0
646,1535521140,10,424,34.033406,-118.155974,180.0
647,1535521140,25,425,34.140317,-118.14815,180.0
648,1535521140,104,405,34.152417,-118.114348,180.0
649,1535521140,25,451,34.083327,-118.217277,0.0
650,1535521140,10,403,34.033302,-118.171103,180.0
651,1535521140,18,454,34.055405,-118.234902,180.0
652,1535521140,10,408,34.133664,-117.913735,0.0
653,1535521140,104,422,34.057452,-118.23442,0.0
654,1535521140,10,409,34.142982,-118.029333,0.0
655,1535521322,29,423,34.036247,-118.19302,0.0
656,1535521322,10,406,34.13529,-118.011205,180.0
657,1535521322,29,401,34.140317,-118.14815,0.0
658,1535521322,10,421,34.112003,-118.170119,0.0
659,1535521322,10,429,34.132468,-117.979571,0.0
660,1535521322,10,407,34.128776,-117.934911,180.0
661,1535521322,56,452,34.047772,-118.227849,0.0
662,1535521322,10,426,34.036903,-118.19448,180.0
663,1535521322,151,428,34.136919,-117.891003,0.0
664,1535521322,10,404,34.098552,-118.206192,180.0
665,1535521322,36,427,34.148691,-118.086438,180.0
666,1535521322,18,402,34.033319,-118.168064,0.0
667,1535521322,159,424,34.033395,-118.154466,180.0
668,1535521322,18,425,34.127413,-118.147999,180.0
669,1535521322,10,405,34.151833,-118.135717,180.0
670,1535521322,56,451,34.0984,-118.206467,0.0
671,1535521322,56,403,34.033368,-118.160931,180.0
672,1535521322,36,454,34.0501,-118.237901,180.0
673,1535521322,18,408,34.136857,-117.891613,0.0
674,1535521322,10,422,34.064796,-118.235546,0.0
675,1535521322,10,409,34.133057,-118.003055,0.0
676,1535521500,17,423,34.046044,-118.216283,0.0
677,1535521500,17,406,34.1488749,-118.04564,180.0
678,1535521500,4,401,34.15201,-118.1258,0.0
679,1535521500,4,421,34.119903,-118.151627,0.0
680,1535521500,17,429,34.131239,-117.948661,0.0
681,1535521500,17,407,34.1325379,-117.969233,180.0
682,1535521500,34,452,34.0501,-118.237901,0.0
683,1535521500,4,426,34.03326,-118.191311,180.0
684,1535521500,4,404,34.083327,-118.217277,180.0
685,1535521500,4,453,34.033418,-118.155782,0.0
686,1535521500,76,427,34.152417,-118.114348,180.0
687,1535521500,29,402,34.03332,-118.183483,0.0
688,1535521500,4,425,34.114574,-118.158547,180.0
689,1535521500,17,405,34.140317,-118.14815,180.0
690,1535521500,29,451,34.1071359,-118.200783,0.0
691,1535521500,234,403,34.033368,-118.160931,180.0
692,1535521500,62,454,34.047772,-118.227849,180.0
693,1535521500,178,408,34.136919,-117.891003,0.0
694,1535521500,40,422,34.082787,-118.217915,0.0
695,1535521500,4,409,34.132478,-117.977553,0.0
696,1535521680,17,423,34.046044,-118.216283,0.0
697,1535521680,17,406,34.1488749,-118.04564,180.0
698,1535521680,4,401,34.15201,-118.1258,0.0
699,1535521680,4,421,34.119903,-118.151627,0.0
700,1535521680,17,429,34.131239,-117.948661,0.0
701,1535521680,17,407,34.1325379,-117.969233,180.0
702,1535521680,34,452,34.0501,-118.237901,0.0
703,1535521680,4,426,34.03326,-118.191311,180.0
704,1535521680,4,404,34.083327,-118.217277,180.0
705,1535521680,4,453,34.033418,-118.155782,0.0
706,1535521680,76,427,34.152417,-118.114348,180.0
707,1535521680,29,402,34.03332,-118.183483,0.0
708,1535521680,4,425,34.114574,-118.158547,180.0
709,1535521680,17,405,34.140317,-118.14815,180.0
710,1535521680,29,451,34.1071359,-118.200783,0.0
711,1535521680,234,403,34.033368,-118.160931,180.0
712,1535521680,62,454,34.047772,-118.227849,180.0
713,1535521680,178,408,34.136919,-117.891003,0.0
714,1535521680,40,422,34.082787,-118.217915,0.0
715,1535521680,4,409,34.132478,-117.977553,0.0
716,1535521860,23,423,34.0501,-118.237901,0.0
717,1535521860,23,406,34.152417,-118.114348,180.0
718,1535521860,23,401,34.148016,-118.076199,0.0
719,1535521860,4,421,34.1512,-118.1461,0.0
720,1535521860,4,429,34.136857,-117.891613,0.0
721,1535521860,14,407,34.148745,-118.039876,180.0
722,1535521860,14,452,34.063861,-118.23584,0.0
723,1535521860,4,426,34.033368,-118.160931,180.0
724,1535521860,14,428,34.128676,-117.93575,180.0
725,1535521860,23,404,34.057452,-118.23442,180.0
726,1535521860,23,453,34.0333759,-118.173907,0.0
727,1535521860,14,427,34.139816,-118.148139,180.0
728,1535521860,14,402,34.046044,-118.216283,0.0
729,1535521860,105,425,34.108683,-118.197602,180.0
730,1535521860,4,405,34.112344,-118.165047,180.0
731,1535521860,23,451,34.115151,-118.157899,0.0
732,1535521860,124,403,34.033395,-118.154466,180.0
733,1535521860,14,454,34.036247,-118.19302,180.0
734,1535521860,23,422,34.108683,-118.197602,0.0
735,1535521860,14,409,34.130966,-117.922589,0.0
736,1535522040,24,423,34.057452,-118.23442,0.0
737,1535522040,47,406,34.151845,-118.132701,180.0
738,1535522040,24,401,34.142982,-118.029333,0.0
739,1535522040,24,421,34.15201,-118.1258,0.0
740,1535522040,148,429,34.136919,-117.891003,0.0
741,1535522040,36,407,34.148004,-118.07633,180.0
742,1535522040,14,452,34.082787,-118.217915,0.0
743,1535522040,14,426,34.033418,-118.155782,180.0
744,1535522040,14,428,34.1324929,-117.975084,180.0
745,1535522040,44,404,34.0501,-118.237901,180.0
746,1535522040,24,453,34.0332999,-118.188117,0.0
747,1535522040,14,427,34.117204,-118.155258,180.0
748,1535522040,70,402,34.047772,-118.227849,0.0
749,1535522040,47,424,34.033406,-118.155974,0.0
750,1535522040,24,425,34.0984,-118.206467,180.0
751,1535522040,14,405,34.108683,-118.197602,180.0
752,1535522040,14,451,34.133521,-118.148126,0.0
753,1535522040,14,454,34.033328,-118.191982,180.0
754,1535522040,14,408,34.1364949,-117.90419,180.0
755,1535522040,24,422,34.109958,-118.180223,0.0
756,1535522040,44,409,34.136746,-117.901636,0.0
757,1535522220,2,423,34.064796,-118.235546,0.0
758,1535522220,12,406,34.140317,-118.14815,180.0
759,1535522220,44,401,34.133057,-118.003055,0.0
760,1535522220,12,421,34.148691,-118.086438,0.0
761,1535522220,33,407,34.152505,-118.10424,180.0
762,1535522220,12,452,34.093129,-118.211344,0.0
763,1535522220,171,426,34.033395,-118.154466,180.0
764,1535522220,44,428,34.133057,-118.003055,180.0
765,1535522220,12,404,34.047513,-118.22415,180.0
766,1535522220,24,453,34.034751,-118.192189,0.0
767,1535522220,2,427,34.111526,-118.186431,180.0
768,1535522220,64,402,34.0483,-118.232583,0.0
769,1535522220,79,424,34.0333759,-118.173907,0.0
770,1535522220,51,425,34.083327,-118.217277,180.0
771,1535522220,12,405,34.098552,-118.206192,180.0
772,1535522220,12,451,34.140317,-118.14815,0.0
773,1535522220,51,454,34.0333759,-118.173907,180.0
774,1535522220,12,408,34.128987,-117.933165,180.0
775,1535522220,12,422,34.117204,-118.155258,0.0
776,1535522220,145,409,34.136919,-117.891003,0.0
777,1535522400,5,423,34.084084,-118.216459,0.0
778,1535522400,5,406,34.122556,-118.150731,180.0
779,1535522400,30,401,34.1324929,-117.975084,0.0
780,1535522400,30,421,34.148369,-118.073431,0.0
781,1535522400,5,429,34.1364949,-117.90419,180.0
782,1535522400,5,407,34.151845,-118.132701,180.0
783,1535522400,14,452,34.1071359,-118.200783,0.0
784,1535522400,5,428,34.144324,-118.031431,180.0
785,1535522400,41,404,34.044427,-118.211701,180.0
786,1535522400,14,453,34.044427,-118.211701,0.0
787,1535522400,5,427,34.1071359,-118.200783,180.0
788,1535522400,30,402,34.057452,-118.23442,0.0
789,1535522400,30,424,34.033783,-118.192167,0.0
790,1535522400,30,425,34.063861,-118.23584,180.0
791,1535522400,5,405,34.083327,-118.217277,180.0
792,1535522400,164,451,34.140317,-118.14815,0.0
793,1535522400,41,403,34.03335,-118.162183,0.0
794,1535522400,30,454,34.03335,-118.162183,180.0
795,1535522400,5,408,34.132544,-117.968079,180.0
796,1535522400,14,422,34.134223,-118.148138,0.0
797,1535522580,40,423,34.0984,-118.206467,0.0
798,1535522580,2,406,34.112003,-118.170119,180.0
799,1535522580,2,401,34.12906,-117.932574,0.0
800,1535522580,19,421,34.140337,-118.02527,0.0
801,1535522580,19,429,34.128987,-117.933165,180.0
802,1535522580,10,407,34.144517,-118.148217,180.0
803,1535522580,2,452,34.110936,-118.19304,0.0
804,1535522580,19,428,34.148004,-118.07633,180.0
805,1535522580,28,404,34.034751,-118.192189,180.0
806,1535522580,2,453,34.047634,-118.22594,0.0
807,1535522580,2,427,34.089522,-118.21147,180.0
808,1535522580,19,402,34.063861,-118.23584,0.0
809,1535522580,40,424,34.036247,-118.19302,0.0
810,1535522580,10,425,34.056061,-118.234759,180.0
811,1535522580,10,405,34.063861,-118.23584,180.0
812,1535522580,2,451,34.152505,-118.10424,0.0
813,1535522580,2,403,34.033302,-118.171103,0.0
814,1535522580,10,454,34.033395,-118.154466,180.0
815,1535522580,2,408,34.133057,-118.003055,180.0
816,1535522580,2,422,34.1512,-118.1461,0.0
817,1535522760,40,423,34.0984,-118.206467,0.0
818,1535522760,2,406,34.112003,-118.170119,180.0
819,1535522760,2,401,34.12906,-117.932574,0.0
820,1535522760,19,421,34.140337,-118.02527,0.0
821,1535522760,19,429,34.128987,-117.933165,180.0
822,1535522760,10,407,34.144517,-118.148217,180.0
823,1535522760,2,452,34.110936,-118.19304,0.0
824,1535522760,19,428,34.148004,-118.07633,180.0
825,1535522760,28,404,34.034751,-118.192189,180.0
826,1535522760,2,453,34.047634,-118.22594,0.0
827,1535522760,2,427,34.089522,-118.21147,180.0
828,1535522760,19,402,34.063861,-118.23584,0.0
829,1535522760,40,424,34.036247,-118.19302,0.0
830,1535522760,10,425,34.056061,-118.234759,180.0
831,1535522760,10,405,34.063861,-118.23584,180.0
832,1535522760,2,451,34.152505,-118.10424,0.0
833,1535522760,2,403,34.033302,-118.171103,0.0
834,1535522760,10,454,34.033395,-118.154466,180.0
835,1535522760,2,408,34.133057,-118.003055,180.0
836,1535522760,2,422,34.1512,-118.1461,0.0
837,1535522940,4,423,34.11086,-118.174745,0.0
838,1535522940,4,406,34.098552,-118.206192,180.0
839,1535522940,68,401,34.136919,-117.891003,0.0
840,1535522940,28,421,34.132565,-117.958869,0.0
841,1535522940,4,429,34.132622,-118.001154,180.0
842,1535522940,34,407,34.115352,-118.157655,180.0
843,1535522940,4,452,34.133521,-118.148126,0.0
844,1535522940,139,426,34.03335,-118.162183,0.0
845,1535522940,4,428,34.151845,-118.132701,180.0
846,1535522940,15,404,34.033399,-118.158475,180.0
847,1535522940,4,453,34.055405,-118.234902,0.0
848,1535522940,28,427,34.063061,-118.236103,180.0
849,1535522940,15,402,34.0984,-118.206467,0.0
850,1535522940,68,424,34.047772,-118.227849,0.0
851,1535522940,34,425,34.047513,-118.22415,180.0
852,1535522940,4,405,34.0483,-118.232583,180.0
853,1535522940,4,451,34.144324,-118.031431,0.0
854,1535522940,15,403,34.034751,-118.192189,0.0
855,1535522940,15,408,34.148016,-118.076199,180.0
856,1535522940,15,422,34.148691,-118.086438,0.0
857,1535522940,15,409,34.133664,-117.913735,180.0
858,1535523120,6,423,34.119903,-118.151627,0.0
859,1535523120,6,406,34.083327,-118.217277,180.0
860,1535523120,248,401,34.136919,-117.891003,0.0
861,1535523120,6,421,34.130128,-117.925393,0.0
862,1535523120,6,429,34.142366,-118.028371,180.0
863,1535523120,15,407,34.110365,-118.194177,180.0
864,1535523120,34,452,34.140548,-118.148183,0.0
865,1535523120,95,426,34.0333759,-118.173907,0.0
866,1535523120,52,428,34.1512,-118.1461,180.0
867,1535523120,103,404,34.033395,-118.154466,180.0
868,1535523120,6,453,34.063061,-118.236103,0.0
869,1535523120,15,427,34.053178,-118.237752,180.0
870,1535523120,34,402,34.108683,-118.197602,0.0
871,1535523120,6,424,34.051622,-118.23786,0.0
872,1535523120,6,425,34.043807,-118.209999,180.0
873,1535523120,15,405,34.047513,-118.22415,180.0
874,1535523120,6,451,34.133057,-118.003055,0.0
875,1535523120,6,403,34.043807,-118.209999,0.0
876,1535523120,6,408,34.152505,-118.10424,180.0
877,1535523120,25,422,34.148369,-118.073431,0.0
878,1535523120,47,409,34.1308999,-117.947721,180.0
879,1535523300,4,423,34.139816,-118.148139,0.0
880,1535523300,4,406,34.063861,-118.23584,180.0
881,1535523300,4,401,34.13477,-117.910129,180.0
882,1535523300,4,421,34.136746,-117.901636,0.0
883,1535523300,48,429,34.148826,-118.053351,180.0
884,1535523300,4,407,34.104021,-118.204462,180.0
885,1535523300,67,452,34.1512,-118.1461,0.0
886,1535523300,26,426,34.034751,-118.192189,0.0
887,1535523300,4,428,34.130328,-118.148047,180.0
888,1535523300,283,404,34.033395,-118.154466,180.0
889,1535523300,4,453,34.082787,-118.217915,0.0
890,1535523300,34,427,34.047861,-118.229378,180.0
891,1535523300,4,402,34.109958,-118.180223,0.0
892,1535523300,34,424,34.057452,-118.23442,0.0
893,1535523300,34,425,34.034751,-118.192189,180.0
894,1535523300,34,405,34.044427,-118.211701,180.0
895,1535523300,4,451,34.132488,-117.975868,0.0
896,1535523300,4,403,34.047513,-118.22415,0.0
897,1535523300,113,454,34.033418,-118.155782,0.0
898,1535523300,4,408,34.15201,-118.1258,180.0
899,1535523300,48,422,34.142982,-118.029333,0.0
900,1535523300,4,409,34.132396,-117.991802,180.0
901,1535523480,67,423,34.140317,-118.14815,0.0
902,1535523480,67,406,34.057452,-118.23442,180.0
903,1535523480,12,401,34.128386,-117.938913,180.0
904,1535523480,126,421,34.136919,-117.891003,0.0
905,1535523480,43,429,34.148691,-118.086438,180.0
906,1535523480,25,407,34.088014,-118.21243,180.0
907,1535523480,25,452,34.152417,-118.114348,0.0
908,1535523480,12,426,34.043807,-118.209999,0.0
909,1535523480,21,428,34.115352,-118.157655,180.0
910,1535523480,12,453,34.093838,-118.210984,0.0
911,1535523480,12,427,34.046044,-118.216283,180.0
912,1535523480,12,402,34.117204,-118.155258,0.0
913,1535523480,21,424,34.064796,-118.235546,0.0
914,1535523480,12,425,34.03332,-118.183483,180.0
915,1535523480,67,405,34.0355739,-118.192258,180.0
916,1535523480,12,451,34.128676,-117.93575,0.0
917,1535523480,53,403,34.047861,-118.229378,0.0
918,1535523480,293,454,34.033418,-118.155782,0.0
919,1535523480,67,408,34.1512,-118.1461,180.0
920,1535523480,12,422,34.132864,-118.002339,0.0
921,1535523480,12,409,34.140337,-118.02527,180.0
922,1535523660,4,423,34.152246,-118.122824,0.0
923,1535523660,10,406,34.0483,-118.232583,180.0
924,1535523660,10,401,34.132468,-117.979571,180.0
925,1535523660,4,421,34.136857,-117.891613,0.0
926,1535523660,10,429,34.152246,-118.122824,180.0
927,1535523660,10,407,34.06675,-118.234833,180.0
928,1535523660,10,452,34.147732,-118.08192,0.0
929,1535523660,4,426,34.047634,-118.22594,0.0
930,1535523660,4,428,34.109986,-118.194955,180.0
931,1535523660,4,404,34.03335,-118.162183,0.0
932,1535523660,10,453,34.108683,-118.197602,0.0
933,1535523660,10,427,34.0355739,-118.192258,180.0
934,1535523660,4,402,34.134223,-118.148138,0.0
935,1535523660,10,424,34.084717,-118.215797,0.0
936,1535523660,92,425,34.0333759,-118.173907,180.0
937,1535523660,19,405,34.03326,-118.191311,180.0
938,1535523660,4,451,34.136014,-117.906198,0.0
939,1535523660,10,403,34.055405,-118.234902,0.0
940,1535523660,19,454,34.033386,-118.180208,0.0
941,1535523660,4,408,34.130328,-118.148047,180.0
942,1535523660,35,422,34.132544,-117.968079,0.0
943,1535523660,35,409,34.148826,-118.053351,180.0
944,1535523840,4,423,34.152246,-118.122824,0.0
945,1535523840,10,406,34.0483,-118.232583,180.0
946,1535523840,10,401,34.132468,-117.979571,180.0
947,1535523840,4,421,34.136857,-117.891613,0.0
948,1535523840,10,429,34.152246,-118.122824,180.0
949,1535523840,10,407,34.06675,-118.234833,180.0
950,1535523840,10,452,34.147732,-118.08192,0.0
951,1535523840,4,426,34.047634,-118.22594,0.0
952,1535523840,4,428,34.109986,-118.194955,180.0
953,1535523840,4,404,34.03335,-118.162183,0.0
954,1535523840,10,453,34.108683,-118.197602,0.0
955,1535523840,10,427,34.0355739,-118.192258,180.0
956,1535523840,4,402,34.134223,-118.148138,0.0
957,1535523840,10,424,34.084717,-118.215797,0.0
958,1535523840,92,425,34.0333759,-118.173907,180.0
959,1535523840,19,405,34.03326,-118.191311,180.0
960,1535523840,4,451,34.136014,-117.906198,0.0
961,1535523840,10,403,34.055405,-118.234902,0.0
962,1535523840,19,454,34.033386,-118.180208,0.0
963,1535523840,4,408,34.130328,-118.148047,180.0
964,1535523840,35,422,34.132544,-117.968079,0.0
965,1535523840,35,409,34.148826,-118.053351,180.0
966,1535524020,3,423,34.148733,-118.067852,0.0
967,1535524020,3,406,34.042898,-118.207917,180.0
968,1535524020,3,401,34.1488749,-118.04564,180.0
969,1535524020,3,421,34.131239,-117.948661,180.0
970,1535524020,11,429,34.137773,-118.148114,180.0
971,1535524020,36,407,34.051622,-118.23786,180.0
972,1535524020,3,452,34.136759,-118.016578,0.0
973,1535524020,31,426,34.057452,-118.23442,0.0
974,1535524020,21,428,34.088014,-118.21243,180.0
975,1535524020,31,404,34.03332,-118.183483,0.0
976,1535524020,3,453,34.115352,-118.157655,0.0
977,1535524020,11,427,34.033386,-118.180208,180.0
978,1535524020,11,402,34.15201,-118.1258,0.0
979,1535524020,11,424,34.109986,-118.194955,0.0
980,1535524020,49,425,34.033395,-118.154466,180.0
981,1535524020,62,405,34.03335,-118.162183,180.0
982,1535524020,11,451,34.136775,-117.899979,180.0
983,1535524020,21,403,34.082787,-118.217915,0.0
984,1535524020,3,454,34.044427,-118.211701,0.0
985,1535524020,3,408,34.112163,-118.189247,180.0
986,1535524020,3,422,34.136373,-117.904907,0.0
987,1535524020,3,409,34.152167,-118.1241,180.0
988,1535524206,24,423,34.140337,-118.02527,0.0
989,1535524206,12,406,34.033328,-118.191982,180.0
990,1535524206,12,401,34.147732,-118.08192,180.0
991,1535524206,12,421,34.132444,-117.988407,180.0
992,1535524206,12,429,34.119801,-118.151798,180.0
993,1535524206,67,407,34.047861,-118.229378,180.0
994,1535524206,24,452,34.132444,-117.988407,0.0
995,1535524206,12,426,34.064796,-118.235546,0.0
996,1535524206,12,428,34.068632,-118.233044,180.0
997,1535524206,44,404,34.0355739,-118.192258,0.0
998,1535524206,24,453,34.133676,-118.148126,0.0
999,1535524206,44,427,34.033302,-118.171103,180.0
1000,1535524206,44,402,34.152505,-118.10424,0.0
1001,1535524206,12,424,34.112344,-118.165047,0.0
1002,1535524206,94,425,34.033418,-118.155782,0.0
1003,1535524206,75,405,34.033395,-118.154466,180.0
1004,1535524206,12,451,34.130128,-117.925393,180.0
1005,1535524206,12,403,34.095975,-118.209138,0.0
1006,1535524206,67,454,34.047513,-118.22415,0.0
1007,1535524206,12,408,34.106721,-118.20162,180.0
1008,1535524206,87,422,34.136919,-117.891003,0.0
1009,1535524206,24,409,34.1512,-118.1461,180.0
1010,1535524380,6,423,34.132375,-117.998302,0.0
1011,1535524380,6,406,34.033322,-118.182411,180.0
1012,1535524380,37,401,34.152417,-118.114348,180.0
1013,1535524380,6,421,34.140337,-118.02527,180.0
1014,1535524380,18,429,34.109958,-118.180223,180.0
1015,1535524380,18,407,34.046044,-118.216283,180.0
1016,1535524380,6,452,34.132565,-117.958869,0.0
1017,1535524380,23,426,34.083327,-118.217277,0.0
1018,1535524380,6,428,34.057452,-118.23442,180.0
1019,1535524380,18,404,34.043807,-118.209999,0.0
1020,1535524380,23,453,34.140317,-118.14815,0.0
1021,1535524380,6,427,34.033406,-118.155974,180.0
1022,1535524380,18,402,34.148016,-118.076199,0.0
1023,1535524380,6,424,34.127413,-118.147999,0.0
1024,1535524380,18,425,34.033386,-118.180208,0.0
1025,1535524380,249,405,34.033395,-118.154466,180.0
1026,1535524380,18,451,34.131239,-117.948661,180.0
1027,1535524380,48,403,34.108683,-118.197602,0.0
1028,1535524380,48,454,34.047861,-118.229378,0.0
1029,1535524380,6,408,34.088014,-118.21243,180.0
1030,1535524380,261,422,34.136919,-117.891003,0.0
1031,1535524380,6,409,34.133521,-118.148126,180.0
1032,1535524560,12,423,34.132565,-117.958869,0.0
1033,1535524560,12,406,34.03335,-118.162183,180.0
1034,1535524560,24,401,34.151845,-118.132701,180.0
1035,1535524560,82,421,34.148745,-118.039876,180.0
1036,1535524560,77,429,34.108683,-118.197602,180.0
1037,1535524560,12,407,34.036247,-118.19302,180.0
1038,1535524560,24,452,34.12906,-117.932574,0.0
1039,1535524560,7,426,34.099699,-118.205057,0.0
1040,1535524560,24,428,34.051622,-118.23786,180.0
1041,1535524560,7,404,34.047513,-118.22415,0.0
1042,1535524560,119,453,34.1512,-118.1461,0.0
1043,1535524560,127,427,34.033395,-118.154466,180.0
1044,1535524560,24,402,34.142982,-118.029333,0.0
1045,1535524560,24,424,34.140548,-118.148183,0.0
1046,1535524560,24,425,34.033783,-118.192167,0.0
1047,1535524560,12,405,34.033406,-118.155974,0.0
1048,1535524560,7,451,34.132396,-117.991802,180.0
1049,1535524560,12,403,34.109958,-118.180223,0.0
1050,1535524560,7,454,34.053441,-118.235998,0.0
1051,1535524560,12,408,34.070755,-118.228575,180.0
1052,1535524560,24,422,34.135809,-117.906884,180.0
1053,1535524560,24,409,34.115352,-118.157655,180.0
1054,1535524740,15,423,34.12906,-117.932574,0.0
1055,1535524740,28,406,34.033395,-118.154466,180.0
1056,1535524740,28,401,34.140317,-118.14815,180.0
1057,1535524740,8,421,34.148691,-118.086438,180.0
1058,1535524740,8,429,34.093838,-118.210984,180.0
1059,1535524740,8,407,34.03332,-118.183483,180.0
1060,1535524740,8,452,34.136373,-117.904907,0.0
1061,1535524740,8,426,34.109986,-118.194955,0.0
1062,1535524740,28,428,34.047861,-118.229378,180.0
1063,1535524740,52,404,34.047861,-118.229378,0.0
1064,1535524740,15,453,34.152505,-118.10424,0.0
1065,1535524740,28,402,34.133057,-118.003055,0.0
1066,1535524740,65,424,34.1512,-118.1461,0.0
1067,1535524740,28,425,34.037923,-118.196645,0.0
1068,1535524740,8,405,34.033302,-118.171103,0.0
1069,1535524740,28,451,34.140337,-118.02527,180.0
1070,1535524740,8,403,34.119956,-118.151605,0.0
1071,1535524740,15,454,34.06118,-118.235,0.0
1072,1535524740,8,408,34.05765,-118.234317,180.0
1073,1535524740,8,422,34.128676,-117.93575,180.0
1074,1535524740,8,409,34.110365,-118.194177,180.0
1075,1535524923,8,423,34.136623,-117.903026,0.0
1076,1535524923,212,406,34.033395,-118.154466,180.0
1077,1535524923,24,401,34.130328,-118.148047,180.0
1078,1535524923,79,421,34.152417,-118.114348,180.0
1079,1535524923,64,429,34.083327,-118.217277,180.0
1080,1535524923,39,407,34.033319,-118.168064,180.0
1081,1535524923,85,452,34.136919,-117.891003,0.0
1082,1535524923,8,426,34.112384,-118.164637,0.0
1083,1535524923,15,428,34.047513,-118.22415,180.0
1084,1535524923,8,404,34.055405,-118.234902,0.0
1085,1535524923,15,453,34.14792,-118.077657,0.0
1086,1535524923,39,427,34.03335,-118.162183,0.0
1087,1535524923,8,402,34.132544,-117.968079,0.0
1088,1535524923,58,424,34.152417,-118.114348,0.0
1089,1535524923,8,425,34.047232,-118.219914,0.0
1090,1535524923,49,405,34.03332,-118.183483,0.0
1091,1535524923,49,451,34.148826,-118.053351,180.0
1092,1535524923,8,403,34.140548,-118.148183,0.0
1093,1535524923,15,454,34.074592,-118.22525,0.0
1094,1535524923,24,408,34.051622,-118.23786,180.0
1095,1535524923,8,422,34.132488,-117.975868,180.0
1096,1535524923,8,409,34.104021,-118.204462,180.0
1097,1535525100,8,423,34.136623,-117.903026,0.0
1098,1535525100,212,406,34.033395,-118.154466,180.0
1099,1535525100,24,401,34.130328,-118.148047,180.0
1100,1535525100,79,421,34.152417,-118.114348,180.0
1101,1535525100,64,429,34.083327,-118.217277,180.0
1102,1535525100,39,407,34.033319,-118.168064,180.0
1103,1535525100,85,452,34.136919,-117.891003,0.0
1104,1535525100,8,426,34.112384,-118.164637,0.0
1105,1535525100,15,428,34.047513,-118.22415,180.0
1106,1535525100,8,404,34.055405,-118.234902,0.0
1107,1535525100,15,453,34.14792,-118.077657,0.0
1108,1535525100,39,427,34.03335,-118.162183,0.0
1109,1535525100,8,402,34.132544,-117.968079,0.0
1110,1535525100,58,424,34.152417,-118.114348,0.0
1111,1535525100,8,425,34.047232,-118.219914,0.0
1112,1535525100,49,405,34.03332,-118.183483,0.0
1113,1535525100,49,451,34.148826,-118.053351,180.0
1114,1535525100,8,403,34.140548,-118.148183,0.0
1115,1535525100,15,454,34.074592,-118.22525,0.0
1116,1535525100,24,408,34.051622,-118.23786,180.0
1117,1535525100,8,422,34.132488,-117.975868,180.0
1118,1535525100,8,409,34.104021,-118.204462,180.0
1119,1535525280,25,423,34.136775,-117.899979,180.0
1120,1535525280,25,406,34.033418,-118.155782,0.0
1121,1535525280,14,401,34.110936,-118.19304,180.0
1122,1535525280,41,421,34.140317,-118.14815,180.0
1123,1535525280,14,429,34.055405,-118.234902,180.0
1124,1535525280,109,407,34.033395,-118.154466,180.0
1125,1535525280,14,452,34.128386,-117.938913,180.0
1126,1535525280,25,426,34.140548,-118.148183,0.0
1127,1535525280,49,428,34.034751,-118.192189,180.0
1128,1535525280,25,404,34.074592,-118.22525,0.0
1129,1535525280,14,453,34.133617,-118.005087,0.0
1130,1535525280,14,427,34.033328,-118.182941,0.0
1131,1535525280,14,402,34.136014,-117.906198,0.0
1132,1535525280,32,424,34.148745,-118.039876,0.0
1133,1535525280,14,425,34.053441,-118.235998,0.0
1134,1535525280,25,405,34.047232,-118.219914,0.0
1135,1535525280,63,451,34.152417,-118.114348,180.0
1136,1535525280,14,403,34.152417,-118.114348,0.0
1137,1535525280,14,454,34.1071359,-118.200783,0.0
1138,1535525280,14,408,34.046044,-118.216283,180.0
1139,1535525280,14,422,34.148745,-118.039876,180.0
1140,1535525280,25,409,34.070755,-118.228575,180.0
1141,1535525460,25,423,34.136775,-117.899979,180.0
1142,1535525460,25,406,34.033418,-118.155782,0.0
1143,1535525460,14,401,34.110936,-118.19304,180.0
1144,1535525460,41,421,34.140317,-118.14815,180.0
1145,1535525460,14,429,34.055405,-118.234902,180.0
1146,1535525460,109,407,34.033395,-118.154466,180.0
1147,1535525460,14,452,34.128386,-117.938913,180.0
1148,1535525460,25,426,34.140548,-118.148183,0.0
1149,1535525460,49,428,34.034751,-118.192189,180.0
1150,1535525460,25,404,34.074592,-118.22525,0.0
1151,1535525460,14,453,34.133617,-118.005087,0.0
1152,1535525460,14,427,34.033328,-118.182941,0.0
1153,1535525460,14,402,34.136014,-117.906198,0.0
1154,1535525460,32,424,34.148745,-118.039876,0.0
1155,1535525460,14,425,34.053441,-118.235998,0.0
1156,1535525460,25,405,34.047232,-118.219914,0.0
1157,1535525460,63,451,34.152417,-118.114348,180.0
1158,1535525460,14,403,34.152417,-118.114348,0.0
1159,1535525460,14,454,34.1071359,-118.200783,0.0
1160,1535525460,14,408,34.046044,-118.216283,180.0
1161,1535525460,14,422,34.148745,-118.039876,180.0
1162,1535525460,25,409,34.070755,-118.228575,180.0
1163,1535525640,6,423,34.132565,-117.958869,180.0
1164,1535525640,6,406,34.033322,-118.182411,0.0
1165,1535525640,19,401,34.088014,-118.21243,180.0
1166,1535525640,2,421,34.11086,-118.174745,180.0
1167,1535525640,6,429,34.047513,-118.22415,180.0
1168,1535525640,2,452,34.13529,-118.011205,180.0
1169,1535525640,31,426,34.152417,-118.114348,0.0
1170,1535525640,2,428,34.033302,-118.171103,180.0
1171,1535525640,19,404,34.1071359,-118.200783,0.0
1172,1535525640,2,453,34.1308999,-117.947721,0.0
1173,1535525640,6,427,34.047232,-118.219914,0.0
1174,1535525640,211,402,34.136919,-117.891003,0.0
1175,1535525640,2,424,34.1324479,-117.9873,0.0
1176,1535525640,6,425,34.074592,-118.22525,0.0
1177,1535525640,6,405,34.051622,-118.23786,0.0
1178,1535525640,31,451,34.140317,-118.14815,180.0
1179,1535525640,2,403,34.148863,-118.047351,0.0
1180,1535525640,31,454,34.115151,-118.157899,0.0
1181,1535525640,2,408,34.03326,-118.191311,180.0
1182,1535525640,19,422,34.152417,-118.114348,180.0
1183,1535525640,31,409,34.0501,-118.237901,180.0
1184,1535525820,29,423,34.132444,-117.988407,180.0
1185,1535525820,20,406,34.036247,-118.19302,0.0
1186,1535525820,8,401,34.068632,-118.233044,180.0
1187,1535525820,41,421,34.108683,-118.197602,180.0
1188,1535525820,8,429,34.043807,-118.209999,180.0
1189,1535525820,129,407,34.033418,-118.155782,0.0
1190,1535525820,8,452,34.1488749,-118.04564,180.0
1191,1535525820,29,426,34.147732,-118.08192,0.0
1192,1535525820,78,428,34.03335,-118.162183,180.0
1193,1535525820,8,404,34.112043,-118.190468,0.0
1194,1535525820,8,453,34.130966,-117.922589,0.0
1195,1535525820,71,427,34.047772,-118.227849,0.0
1196,1535525820,8,402,34.136623,-117.903026,180.0
1197,1535525820,20,424,34.131239,-117.948661,0.0
1198,1535525820,8,425,34.0888459,-118.211755,0.0
1199,1535525820,20,405,34.056061,-118.234759,0.0
1200,1535525820,8,451,34.120945,-118.150918,180.0
1201,1535525820,29,403,34.140337,-118.02527,0.0
1202,1535525820,8,454,34.133676,-118.148126,0.0
1203,1535525820,8,408,34.033386,-118.180208,180.0
1204,1535525820,41,422,34.151845,-118.132701,180.0
1205,1535525820,29,409,34.047772,-118.227849,180.0
1206,1535526000,7,423,34.13529,-118.011205,180.0
1207,1535526000,18,406,34.047232,-118.219914,0.0
1208,1535526000,18,401,34.057452,-118.23442,180.0
1209,1535526000,18,421,34.098552,-118.206192,180.0
1210,1535526000,18,429,34.034751,-118.192189,180.0
1211,1535526000,29,407,34.0333759,-118.173907,0.0
1212,1535526000,18,452,34.147732,-118.08192,180.0
1213,1535526000,1,426,34.148745,-118.039876,0.0
1214,1535526000,80,428,34.033395,-118.154466,180.0
1215,1535526000,37,404,34.115151,-118.157899,0.0
1216,1535526000,1,453,34.136857,-117.891613,0.0
1217,1535526000,7,427,34.051622,-118.23786,0.0
1218,1535526000,7,402,34.128987,-117.933165,180.0
1219,1535526000,7,424,34.130966,-117.922589,0.0
1220,1535526000,7,425,34.1071359,-118.200783,0.0
1221,1535526000,29,405,34.063861,-118.23584,0.0
1222,1535526000,1,451,34.111787,-118.171467,180.0
1223,1535526000,1,403,34.1324479,-117.9873,0.0
1224,1535526000,1,454,34.140317,-118.14815,0.0
1225,1535526000,49,408,34.033352,-118.163801,180.0
1226,1535526000,1,422,34.140317,-118.14815,180.0
1227,1535526000,7,409,34.046044,-118.216283,180.0
1228,1535526180,7,423,34.13529,-118.011205,180.0
1229,1535526180,18,406,34.047232,-118.219914,0.0
1230,1535526180,18,401,34.057452,-118.23442,180.0
1231,1535526180,18,421,34.098552,-118.206192,180.0
1232,1535526180,18,429,34.034751,-118.192189,180.0
1233,1535526180,29,407,34.0333759,-118.173907,0.0
1234,1535526180,18,452,34.147732,-118.08192,180.0
1235,1535526180,1,426,34.148745,-118.039876,0.0
1236,1535526180,80,428,34.033395,-118.154466,180.0
1237,1535526180,37,404,34.115151,-118.157899,0.0
1238,1535526180,1,453,34.136857,-117.891613,0.0
1239,1535526180,7,427,34.051622,-118.23786,0.0
1240,1535526180,7,402,34.128987,-117.933165,180.0
1241,1535526180,7,424,34.130966,-117.922589,0.0
1242,1535526180,7,425,34.1071359,-118.200783,0.0
1243,1535526180,29,405,34.063861,-118.23584,0.0
1244,1535526180,1,451,34.111787,-118.171467,180.0
1245,1535526180,1,403,34.1324479,-117.9873,0.0
1246,1535526180,1,454,34.140317,-118.14815,0.0
1247,1535526180,49,408,34.033352,-118.163801,180.0
1248,1535526180,1,422,34.140317,-118.14815,180.0
1249,1535526180,7,409,34.046044,-118.216283,180.0
1250,1535526360,12,423,34.147732,-118.08192,180.0
1251,1535526360,7,406,34.051622,-118.23786,0.0
1252,1535526360,19,401,34.047772,-118.227849,180.0
1253,1535526360,7,421,34.063861,-118.23584,180.0
1254,1535526360,19,429,34.03335,-118.162183,180.0
1255,1535526360,11,407,34.036247,-118.19302,0.0
1256,1535526360,31,452,34.151845,-118.132701,180.0
1257,1535526360,19,426,34.132468,-117.979571,0.0
1258,1535526360,11,428,34.033319,-118.168064,0.0
1259,1535526360,19,404,34.140317,-118.14815,0.0
1260,1535526360,7,453,34.13512,-117.909084,180.0
1261,1535526360,31,427,34.063861,-118.23584,0.0
1262,1535526360,19,402,34.132444,-117.988407,180.0
1263,1535526360,173,424,34.136919,-117.891003,0.0
1264,1535526360,19,425,34.115151,-118.157899,0.0
1265,1535526360,12,405,34.093838,-118.210984,0.0
1266,1535526360,19,451,34.098552,-118.206192,180.0
1267,1535526360,31,403,34.12906,-117.932574,0.0
1268,1535526360,7,454,34.152505,-118.10424,0.0
1269,1535526360,145,408,34.033395,-118.154466,180.0
1270,1535526360,19,422,34.115352,-118.157655,180.0
1271,1535526360,7,409,34.033328,-118.191982,180.0
1272,1535526540,30,423,34.152417,-118.114348,180.0
1273,1535526540,2,406,34.056061,-118.234759,0.0
1274,1535526540,26,401,34.046044,-118.216283,180.0
1275,1535526540,2,421,34.056061,-118.234759,180.0
1276,1535526540,2,429,34.033395,-118.154466,180.0
1277,1535526540,15,407,34.047232,-118.219914,0.0
1278,1535526540,15,452,34.140317,-118.14815,180.0
1279,1535526540,26,426,34.1308999,-117.947721,0.0
1280,1535526540,37,428,34.03332,-118.183483,0.0
1281,1535526540,114,404,34.1512,-118.1461,0.0
1282,1535526540,26,453,34.128676,-117.93575,180.0
1283,1535526540,15,427,34.083327,-118.217277,0.0
1284,1535526540,26,402,34.13529,-118.011205,180.0
1285,1535526540,30,424,34.136857,-117.891613,0.0
1286,1535526540,2,425,34.133676,-118.148126,0.0
1287,1535526540,2,405,34.108683,-118.197602,0.0
1288,1535526540,30,451,34.083327,-118.217277,180.0
1289,1535526540,15,403,34.136746,-117.901636,0.0
1290,1535526540,15,454,34.14792,-118.077657,0.0
1291,1535526540,2,422,34.109986,-118.194955,180.0
1292,1535526540,15,409,34.0333759,-118.173907,180.0
1293,1535526720,58,423,34.151845,-118.132701,180.0
1294,1535526720,24,406,34.063061,-118.236103,0.0
1295,1535526720,15,401,34.0355739,-118.192258,180.0
1296,1535526720,24,421,34.051622,-118.23786,180.0
1297,1535526720,182,429,34.033395,-118.154466,180.0
1298,1535526720,58,407,34.047772,-118.227849,0.0
1299,1535526720,4,452,34.127413,-118.147999,180.0
1300,1535526720,15,426,34.13477,-117.910129,0.0
1301,1535526720,4,428,34.036247,-118.19302,0.0
1302,1535526720,82,404,34.152417,-118.114348,0.0
1303,1535526720,4,453,34.132482,-117.976834,180.0
1304,1535526720,32,427,34.0984,-118.206467,0.0
1305,1535526720,4,402,34.1488749,-118.04564,180.0
1306,1535526720,4,424,34.136235,-117.905453,180.0
1307,1535526720,15,425,34.140317,-118.14815,0.0
1308,1535526720,4,405,34.111075,-118.184866,0.0
1309,1535526720,15,451,34.063861,-118.23584,180.0
1310,1535526720,126,403,34.136919,-117.891003,0.0
1311,1535526720,15,454,34.144324,-118.031431,0.0
1312,1535526720,15,408,34.03335,-118.162183,0.0
1313,1535526720,4,422,34.10488,-118.203911,180.0
1314,1535526720,15,409,34.03335,-118.162183,180.0
1315,1535526900,58,423,34.151845,-118.132701,180.0
1316,1535526900,24,406,34.063061,-118.236103,0.0
1317,1535526900,15,401,34.0355739,-118.192258,180.0
1318,1535526900,24,421,34.051622,-118.23786,180.0
1319,1535526900,182,429,34.033395,-118.154466,180.0
1320,1535526900,58,407,34.047772,-118.227849,0.0
1321,1535526900,4,452,34.127413,-118.147999,180.0
1322,1535526900,15,426,34.13477,-117.910129,0.0
1323,1535526900,4,428,34.036247,-118.19302,0.0
1324,1535526900,82,404,34.152417,-118.114348,0.0
1325,1535526900,4,453,34.132482,-117.976834,180.0
1326,1535526900,32,427,34.0984,-118.206467,0.0
1327,1535526900,4,402,34.1488749,-118.04564,180.0
1328,1535526900,4,424,34.136235,-117.905453,180.0
1329,1535526900,15,425,34.140317,-118.14815,0.0
1330,1535526900,4,405,34.111075,-118.184866,0.0
1331,1535526900,15,451,34.063861,-118.23584,180.0
1332,1535526900,126,403,34.136919,-117.891003,0.0
1333,1535526900,15,454,34.144324,-118.031431,0.0
1334,1535526900,15,408,34.03335,-118.162183,0.0
1335,1535526900,4,422,34.10488,-118.203911,180.0
1336,1535526900,15,409,34.03335,-118.162183,180.0
1337,1535527080,3,423,34.126192,-118.14867,180.0
1338,1535527080,24,406,34.0984,-118.206467,0.0
1339,1535527080,42,401,34.033319,-118.168064,180.0
1340,1535527080,3,421,34.046044,-118.216283,180.0
1341,1535527080,91,429,34.033418,-118.155782,0.0
1342,1535527080,31,407,34.057452,-118.23442,0.0
1343,1535527080,31,452,34.109986,-118.194955,180.0
1344,1535527080,212,426,34.136919,-117.891003,0.0
1345,1535527080,62,428,34.047772,-118.227849,0.0
1346,1535527080,31,404,34.148745,-118.039876,0.0
1347,1535527080,31,453,34.148745,-118.039876,180.0
1348,1535527080,3,427,34.1120329,-118.169531,0.0
1349,1535527080,31,402,34.152417,-118.114348,180.0
1350,1535527080,3,424,34.132544,-117.968079,180.0
1351,1535527080,62,425,34.152417,-118.114348,0.0
1352,1535527080,24,405,34.133676,-118.148126,0.0
1353,1535527080,42,451,34.0501,-118.237901,180.0
1354,1535527080,3,403,34.13477,-117.910129,180.0
1355,1535527080,3,454,34.1325379,-117.969233,0.0
1356,1535527080,3,408,34.03326,-118.191311,0.0
1357,1535527080,24,422,34.070755,-118.228575,180.0
1358,1535527080,122,409,34.033395,-118.154466,180.0
1359,1535527260,7,423,34.112384,-118.164327,180.0
1360,1535527260,62,406,34.108683,-118.197602,0.0
1361,1535527260,16,401,34.033368,-118.160931,180.0
1362,1535527260,16,421,34.036903,-118.19448,180.0
1363,1535527260,25,429,34.03335,-118.162183,0.0
1364,1535527260,16,407,34.064796,-118.235546,0.0
1365,1535527260,7,452,34.101638,-118.204823,180.0
1366,1535527260,62,428,34.0501,-118.237901,0.0
1367,1535527260,7,404,34.1340689,-118.006742,0.0
1368,1535527260,7,453,34.147732,-118.08192,180.0
1369,1535527260,7,427,34.120361,-118.151212,0.0
1370,1535527260,25,402,34.151845,-118.132701,180.0
1371,1535527260,7,424,34.132392,-117.994086,180.0
1372,1535527260,7,425,34.147842,-118.080033,0.0
1373,1535527260,16,405,34.140317,-118.14815,0.0
1374,1535527260,7,451,34.047513,-118.22415,180.0
1375,1535527260,7,403,34.128386,-117.938913,180.0
1376,1535527260,25,454,34.128676,-117.93575,0.0
1377,1535527260,7,408,34.042898,-118.207917,0.0
1378,1535527260,7,422,34.05765,-118.234317,180.0
1379,1535527440,11,423,34.108683,-118.197602,180.0
1380,1535527440,11,406,34.111787,-118.171467,0.0
1381,1535527440,99,401,34.033395,-118.154466,180.0
1382,1535527440,19,421,34.033328,-118.191982,180.0
1383,1535527440,109,429,34.0333759,-118.173907,0.0
1384,1535527440,19,407,34.084717,-118.215797,0.0
1385,1535527440,19,452,34.084717,-118.215797,180.0
1386,1535527440,11,426,34.136746,-117.901636,180.0
1387,1535527440,19,428,34.057452,-118.23442,0.0
1388,1535527440,19,404,34.132482,-117.976834,0.0
1389,1535527440,29,453,34.152417,-118.114348,180.0
1390,1535527440,11,427,34.140317,-118.14815,0.0
1391,1535527440,11,402,34.144517,-118.148217,180.0
1392,1535527440,29,424,34.140337,-118.02527,180.0
1393,1535527440,19,425,34.148745,-118.039876,0.0
1394,1535527440,178,405,34.140317,-118.14815,0.0
1395,1535527440,29,451,34.044427,-118.211701,180.0
1396,1535527440,19,403,34.132482,-117.976834,180.0
1397,1535527440,11,454,34.136014,-117.906198,0.0
1398,1535527440,29,408,34.047232,-118.219914,0.0
1399,1535527440,19,422,34.051622,-118.23786,180.0
1400,1535527440,29,409,34.033418,-118.155782,0.0
1401,1535527620,11,423,34.108683,-118.197602,180.0
1402,1535527620,11,406,34.111787,-118.171467,0.0
1403,1535527620,99,401,34.033395,-118.154466,180.0
1404,1535527620,19,421,34.033328,-118.191982,180.0
1405,1535527620,109,429,34.0333759,-118.173907,0.0
1406,1535527620,19,407,34.084717,-118.215797,0.0
1407,1535527620,19,452,34.084717,-118.215797,180.0
1408,1535527620,11,426,34.136746,-117.901636,180.0
1409,1535527620,19,428,34.057452,-118.23442,0.0
1410,1535527620,19,404,34.132482,-117.976834,0.0
1411,1535527620,29,453,34.152417,-118.114348,180.0
1412,1535527620,11,427,34.140317,-118.14815,0.0
1413,1535527620,11,402,34.144517,-118.148217,180.0
1414,1535527620,29,424,34.140337,-118.02527,180.0
1415,1535527620,19,425,34.148745,-118.039876,0.0
1416,1535527620,178,405,34.140317,-118.14815,0.0
1417,1535527620,29,451,34.044427,-118.211701,180.0
1418,1535527620,19,403,34.132482,-117.976834,180.0
1419,1535527620,11,454,34.136014,-117.906198,0.0
1420,1535527620,29,408,34.047232,-118.219914,0.0
1421,1535527620,19,422,34.051622,-118.23786,180.0
1422,1535527620,29,409,34.033418,-118.155782,0.0
1423,1535527800,20,423,34.084717,-118.215797,180.0
1424,1535527800,6,406,34.139816,-118.148139,0.0
1425,1535527800,6,401,34.033418,-118.155782,0.0
1426,1535527800,6,421,34.033418,-118.155782,180.0
1427,1535527800,6,429,34.044427,-118.211701,0.0
1428,1535527800,15,407,34.110365,-118.194177,0.0
1429,1535527800,20,452,34.057452,-118.23442,180.0
1430,1535527800,6,426,34.132565,-117.958869,180.0
1431,1535527800,15,428,34.083327,-118.217277,0.0
1432,1535527800,15,404,34.13477,-117.910129,0.0
1433,1535527800,20,453,34.140317,-118.14815,180.0
1434,1535527800,6,427,34.152417,-118.114348,0.0
1435,1535527800,20,402,34.115352,-118.157655,180.0
1436,1535527800,15,424,34.149532,-118.087822,180.0
1437,1535527800,20,425,34.132468,-117.979571,0.0
1438,1535527800,20,405,34.14792,-118.077657,0.0
1439,1535527800,15,451,34.0333759,-118.173907,180.0
1440,1535527800,6,403,34.148745,-118.039876,180.0
1441,1535527800,6,454,34.136775,-117.899979,180.0
1442,1535527800,6,408,34.053441,-118.235998,0.0
1443,1535527800,15,422,34.046044,-118.216283,180.0
1444,1535527800,6,409,34.033322,-118.182411,0.0
1445,1535527980,33,423,34.06675,-118.234833,180.0
1446,1535527980,13,406,34.1512,-118.1461,0.0
1447,1535527980,85,401,34.03335,-118.162183,0.0
1448,1535527980,157,421,34.033395,-118.154466,180.0
1449,1535527980,47,429,34.047513,-118.22415,0.0
1450,1535527980,13,407,34.112424,-118.163807,0.0
1451,1535527980,33,452,34.051622,-118.23786,180.0
1452,1535527980,27,426,34.132444,-117.988407,180.0
1453,1535527980,33,428,34.0984,-118.206467,0.0
1454,1535527980,13,404,34.136919,-117.891003,0.0
1455,1535527980,13,453,34.127413,-118.147999,180.0
1456,1535527980,27,427,34.148691,-118.086438,0.0
1457,1535527980,13,402,34.112163,-118.189247,180.0
1458,1535527980,27,424,34.152246,-118.122824,180.0
1459,1535527980,27,425,34.1308999,-117.947721,0.0
1460,1535527980,13,405,34.144324,-118.031431,0.0
1461,1535527980,27,451,34.033352,-118.163801,180.0
1462,1535527980,27,403,34.148004,-118.07633,180.0
1463,1535527980,13,454,34.130128,-117.925393,180.0
1464,1535527980,27,408,34.05765,-118.234317,0.0
1465,1535527980,13,422,34.036247,-118.19302,180.0
1466,1535527980,47,409,34.034751,-118.192189,0.0
1467,1535528160,24,423,34.057452,-118.23442,180.0
1468,1535528160,12,406,34.15201,-118.1258,0.0
1469,1535528160,24,401,34.0333759,-118.173907,0.0
1470,1535528160,24,429,34.047861,-118.229378,0.0
1471,1535528160,5,407,34.128831,-118.14802,0.0
1472,1535528160,24,452,34.047861,-118.229378,180.0
1473,1535528160,12,426,34.13529,-118.011205,180.0
1474,1535528160,75,428,34.108683,-118.197602,0.0
1475,1535528160,193,404,34.136919,-117.891003,0.0
1476,1535528160,5,453,34.112424,-118.163807,180.0
1477,1535528160,5,427,34.148733,-118.067852,0.0
1478,1535528160,12,402,34.1071359,-118.200783,180.0
1479,1535528160,12,424,34.1512,-118.1461,180.0
1480,1535528160,5,425,34.13477,-117.910129,0.0
1481,1535528160,5,405,34.133057,-118.003055,0.0
1482,1535528160,12,451,34.033395,-118.154466,180.0
1483,1535528160,5,403,34.152417,-118.114348,180.0
1484,1535528160,12,454,34.132565,-117.958869,180.0
1485,1535528160,12,408,34.070755,-118.228575,0.0
1486,1535528160,24,422,34.03326,-118.191311,180.0
1487,1535528160,12,409,34.044427,-118.211701,0.0
1488,1535528340,45,423,34.0501,-118.237901,180.0
1489,1535528340,6,406,34.149532,-118.087822,0.0
1490,1535528340,9,401,34.033783,-118.192167,0.0
1491,1535528340,73,421,34.033418,-118.155782,0.0
1492,1535528340,9,429,34.053441,-118.235998,0.0
1493,1535528340,45,407,34.140548,-118.148183,0.0
1494,1535528340,6,452,34.046044,-118.216283,180.0
1495,1535528340,6,426,34.1488749,-118.04564,180.0
1496,1535528340,6,428,34.1120329,-118.169531,0.0
1497,1535528340,6,404,34.130966,-117.922589,180.0
1498,1535528340,32,453,34.109986,-118.194955,180.0
1499,1535528340,73,427,34.142982,-118.029333,0.0
1500,1535528340,6,402,34.089522,-118.21147,180.0
1501,1535528340,6,424,34.135838,-118.1481,180.0
1502,1535528340,32,425,34.136919,-117.891003,0.0
1503,1535528340,6,405,34.1324479,-117.9873,0.0
1504,1535528340,192,451,34.033395,-118.154466,180.0
1505,1535528340,32,403,34.151845,-118.132701,180.0
1506,1535528340,9,454,34.1325689,-118.000816,180.0
1507,1535528340,6,408,34.089522,-118.21147,0.0
1508,1535528340,20,422,34.033352,-118.163801,180.0
1509,1535528340,32,409,34.047513,-118.22415,0.0
1510,1535528520,52,423,34.047772,-118.227849,180.0
1511,1535528520,12,406,34.148369,-118.073431,0.0
1512,1535528520,31,401,34.042898,-118.207917,0.0
1513,1535528520,62,421,34.033352,-118.163801,0.0
1514,1535528520,24,429,34.06118,-118.235,0.0
1515,1535528520,74,407,34.1512,-118.1461,0.0
1516,1535528520,24,452,34.036247,-118.19302,180.0
1517,1535528520,12,426,34.147732,-118.08192,180.0
1518,1535528520,24,428,34.119903,-118.151627,0.0
1519,1535528520,31,404,34.1308999,-117.947721,180.0
1520,1535528520,12,453,34.099699,-118.205057,180.0
1521,1535528520,31,427,34.133057,-118.003055,0.0
1522,1535528520,24,402,34.082787,-118.217915,180.0
1523,1535528520,12,424,34.117204,-118.155258,180.0
1524,1535528520,212,425,34.136919,-117.891003,0.0
1525,1535528520,24,405,34.132565,-117.958869,0.0
1526,1535528520,31,403,34.144517,-118.148217,180.0
1527,1535528520,52,454,34.140337,-118.02527,180.0
1528,1535528520,24,408,34.1071359,-118.200783,0.0
1529,1535528520,31,422,34.033418,-118.155782,180.0
1530,1535528520,62,409,34.047861,-118.229378,0.0
1531,1535528700,6,423,34.046044,-118.216283,180.0
1532,1535528700,6,406,34.142366,-118.028371,0.0
1533,1535528700,6,401,34.047232,-118.219914,0.0
1534,1535528700,6,421,34.033328,-118.182941,0.0
1535,1535528700,6,429,34.074592,-118.22525,0.0
1536,1535528700,52,407,34.152417,-118.114348,0.0
1537,1535528700,6,452,34.03326,-118.191311,180.0
1538,1535528700,41,426,34.152417,-118.114348,180.0
1539,1535528700,6,428,34.136383,-118.148083,0.0
1540,1535528700,6,404,34.132446,-117.988085,180.0
1541,1535528700,7,453,34.084717,-118.215797,180.0
1542,1535528700,30,427,34.132488,-117.975868,0.0
1543,1535528700,7,402,34.063061,-118.236103,180.0
1544,1535528700,6,424,34.111075,-118.184866,180.0
1545,1535528700,41,405,34.12906,-117.932574,0.0
1546,1535528700,30,451,34.033406,-118.155974,0.0
1547,1535528700,30,403,34.130328,-118.148047,180.0
1548,1535528700,6,454,34.148016,-118.076199,180.0
1549,1535528700,6,408,34.110936,-118.19304,0.0
1550,1535528700,161,422,34.033395,-118.154466,180.0
1551,1535528700,41,409,34.051622,-118.23786,0.0
1552,1535528880,20,423,34.036247,-118.19302,180.0
1553,1535528880,11,406,34.1325689,-118.000816,0.0
1554,1535528880,50,401,34.047861,-118.229378,0.0
1555,1535528880,20,421,34.034751,-118.192189,0.0
1556,1535528880,20,429,34.090062,-118.21136,0.0
1557,1535528880,42,407,34.147732,-118.08192,0.0
1558,1535528880,11,452,34.033319,-118.168064,180.0
1559,1535528880,65,426,34.151845,-118.132701,180.0
1560,1535528880,20,428,34.1512,-118.1461,0.0
1561,1535528880,20,404,34.136759,-118.016578,180.0
1562,1535528880,20,453,34.06675,-118.234833,180.0
1563,1535528880,29,427,34.128676,-117.93575,0.0
1564,1535528880,20,402,34.055405,-118.234902,180.0
1565,1535528880,11,424,34.1071359,-118.200783,180.0
1566,1535528880,20,425,34.13477,-117.910129,180.0
1567,1535528880,11,405,34.1364949,-117.90419,0.0
1568,1535528880,11,451,34.033319,-118.168064,0.0
1569,1535528880,42,403,34.115352,-118.157655,180.0
1570,1535528880,11,454,34.15237,-118.093421,180.0
1571,1535528880,29,408,34.115151,-118.157899,0.0
1572,1535528880,29,409,34.057452,-118.23442,0.0
1573,1535529060,4,423,34.03326,-118.191311,180.0
1574,1535529060,20,406,34.132468,-117.979571,0.0
1575,1535529060,24,401,34.053178,-118.237752,0.0
1576,1535529060,20,421,34.044427,-118.211701,0.0
1577,1535529060,24,429,34.1071359,-118.200783,0.0
1578,1535529060,20,407,34.1488749,-118.04564,0.0
1579,1535529060,24,452,34.033368,-118.160931,180.0
1580,1535529060,24,426,34.140317,-118.14815,180.0
1581,1535529060,4,428,34.152417,-118.114348,0.0
1582,1535529060,24,404,34.148745,-118.039876,180.0
1583,1535529060,24,453,34.057452,-118.23442,180.0
1584,1535529060,4,427,34.135222,-117.908781,0.0
1585,1535529060,20,402,34.047861,-118.229378,180.0
1586,1535529060,4,424,34.090062,-118.21136,180.0
1587,1535529060,4,425,34.128386,-117.938913,180.0
1588,1535529060,99,405,34.136919,-117.891003,0.0
1589,1535529060,4,451,34.03326,-118.191311,0.0
1590,1535529060,4,403,34.110936,-118.19304,180.0
1591,1535529060,4,454,34.15201,-118.1258,180.0
1592,1535529060,20,408,34.133521,-118.148126,0.0
1593,1535529060,40,422,34.033418,-118.155782,0.0
1594,1535529060,20,409,34.064796,-118.235546,0.0
1595,1535529240,4,423,34.03326,-118.191311,180.0
1596,1535529240,20,406,34.132468,-117.979571,0.0
1597,1535529240,24,401,34.053178,-118.237752,0.0
1598,1535529240,20,421,34.044427,-118.211701,0.0
1599,1535529240,24,429,34.1071359,-118.200783,0.0
1600,1535529240,20,407,34.1488749,-118.04564,0.0
1601,1535529240,24,452,34.033368,-118.160931,180.0
1602,1535529240,24,426,34.140317,-118.14815,180.0
1603,1535529240,4,428,34.152417,-118.114348,0.0
1604,1535529240,24,404,34.148745,-118.039876,180.0
1605,1535529240,24,453,34.057452,-118.23442,180.0
1606,1535529240,4,427,34.135222,-117.908781,0.0
1607,1535529240,20,402,34.047861,-118.229378,180.0
1608,1535529240,4,424,34.090062,-118.21136,180.0
1609,1535529240,4,425,34.128386,-117.938913,180.0
1610,1535529240,99,405,34.136919,-117.891003,0.0
1611,1535529240,4,451,34.03326,-118.191311,0.0
1612,1535529240,4,403,34.110936,-118.19304,180.0
1613,1535529240,4,454,34.15201,-118.1258,180.0
1614,1535529240,20,408,34.133521,-118.148126,0.0
1615,1535529240,40,422,34.033418,-118.155782,0.0
1616,1535529240,20,409,34.064796,-118.235546,0.0
1617,1535529424,11,423,34.033368,-118.160931,180.0
1618,1535529424,30,406,34.130966,-117.922589,0.0
1619,1535529424,11,401,34.068632,-118.233044,0.0
1620,1535529424,62,421,34.047861,-118.229378,0.0
1621,1535529424,11,429,34.116257,-118.156545,0.0
1622,1535529424,30,407,34.132468,-117.979571,0.0
1623,1535529424,204,452,34.033395,-118.154466,180.0
1624,1535529424,11,426,34.112003,-118.170119,180.0
1625,1535529424,11,428,34.148733,-118.067852,0.0
1626,1535529424,30,404,34.152417,-118.114348,180.0
1627,1535529424,62,453,34.047772,-118.227849,180.0
1628,1535529424,212,427,34.136919,-117.891003,0.0
1629,1535529424,42,402,34.044427,-118.211701,180.0
1630,1535529424,11,424,34.06118,-118.235,180.0
1631,1535529424,11,425,34.13529,-118.011205,180.0
1632,1535529424,42,405,34.128987,-117.933165,180.0
1633,1535529424,21,451,34.046044,-118.216283,0.0
1634,1535529424,21,403,34.089522,-118.21147,180.0
1635,1535529424,11,454,34.130328,-118.148047,180.0
1636,1535529424,163,408,34.140317,-118.14815,0.0
1637,1535529424,11,422,34.03332,-118.183483,0.0
1638,1535529424,11,409,34.099699,-118.205057,0.0
1639,1535529600,95,423,34.033395,-118.154466,180.0
1640,1535529600,5,406,34.136775,-117.899979,0.0
1641,1535529600,5,401,34.087263,-118.213191,0.0
1642,1535529600,22,421,34.053178,-118.237752,0.0
1643,1535529600,5,429,34.133676,-118.148126,0.0
1644,1535529600,22,407,34.1308999,-117.947721,0.0
1645,1535529600,37,452,34.03335,-118.162183,0.0
1646,1535529600,37,426,34.108683,-118.197602,180.0
1647,1535529600,5,428,34.140337,-118.02527,0.0
1648,1535529600,46,404,34.151845,-118.132701,180.0
1649,1535529600,5,453,34.046044,-118.216283,180.0
1650,1535529600,22,427,34.135809,-117.906884,180.0
1651,1535529600,5,402,34.034751,-118.192189,180.0
1652,1535529600,22,424,34.053178,-118.237752,180.0
1653,1535529600,37,425,34.148745,-118.039876,180.0
1654,1535529600,37,405,34.132544,-117.968079,180.0
1655,1535529600,46,451,34.047772,-118.227849,0.0
1656,1535529600,22,403,34.081802,-118.219223,180.0
1657,1535529600,22,454,34.115352,-118.157655,180.0
1658,1535529600,76,408,34.152417,-118.114348,0.0
1659,1535529600,67,422,34.034751,-118.192189,0.0
1660,1535529600,5,409,34.109986,-118.194955,0.0
